-- phpMyAdmin SQL Dump
-- version 5.2.1deb3
-- https://www.phpmyadmin.net/
--
-- Servidor: localhost:3306
-- Tiempo de generación: 04-12-2025 a las 19:32:43
-- Versión del servidor: 8.0.44-0ubuntu0.24.04.1
-- Versión de PHP: 8.3.6

SET SQL_MODE = "NO_AUTO_VALUE_ON_ZERO";
START TRANSACTION;
SET time_zone = "+00:00";


/*!40101 SET @OLD_CHARACTER_SET_CLIENT=@@CHARACTER_SET_CLIENT */;
/*!40101 SET @OLD_CHARACTER_SET_RESULTS=@@CHARACTER_SET_RESULTS */;
/*!40101 SET @OLD_COLLATION_CONNECTION=@@COLLATION_CONNECTION */;
/*!40101 SET NAMES utf8mb4 */;

--
-- Base de datos: `json_validador`
--

-- --------------------------------------------------------

--
-- Estructura de tabla para la tabla `organizations`
--

CREATE TABLE `organizations` (
  `id` int NOT NULL,
  `name` varchar(190) COLLATE utf8mb4_unicode_ci NOT NULL,
  `rfc` varchar(13) COLLATE utf8mb4_unicode_ci DEFAULT NULL,
  `created_at` timestamp NULL DEFAULT CURRENT_TIMESTAMP
) ENGINE=InnoDB DEFAULT CHARSET=utf8mb4 COLLATE=utf8mb4_unicode_ci;

--
-- Volcado de datos para la tabla `organizations`
--

INSERT INTO `organizations` (`id`, `name`, `rfc`, `created_at`) VALUES
(1, 'SOPMEX (demo)', NULL, '2025-10-01 18:51:56'),
(2, 'SOPMEX', 'RIDU980120HI6', '2025-10-02 17:08:16'),
(5, 'ayuda', 'ridr8208', '2025-10-03 14:53:31'),
(6, 'Sopmex', NULL, '2025-10-04 21:06:07'),
(7, 'SOPMEX', 'RIDO9201010hi', '2025-10-09 22:39:29'),
(8, 'ENER-GO DE MEXICO COMBUSTIBLES', 'EMC170704HX1', '2025-10-09 23:24:57'),
(9, 'OPERADORA DE LIMON Y CEREZA', 'OLC210624LK8', '2025-11-07 23:25:20');

-- --------------------------------------------------------

--
-- Estructura de tabla para la tabla `orgs`
--

CREATE TABLE `orgs` (
  `id` int NOT NULL,
  `name` varchar(190) COLLATE utf8mb4_unicode_ci NOT NULL,
  `rfc` varchar(13) COLLATE utf8mb4_unicode_ci DEFAULT NULL,
  `created_at` timestamp NULL DEFAULT CURRENT_TIMESTAMP
) ENGINE=InnoDB DEFAULT CHARSET=utf8mb4 COLLATE=utf8mb4_unicode_ci;

--
-- Volcado de datos para la tabla `orgs`
--

INSERT INTO `orgs` (`id`, `name`, `rfc`, `created_at`) VALUES
(1, 'SOPMEX', NULL, '2025-10-02 14:13:59'),
(2, 'Auto – adrian', NULL, '2025-10-02 16:56:03');

-- --------------------------------------------------------

--
-- Estructura de tabla para la tabla `stations`
--

CREATE TABLE `stations` (
  `id` int NOT NULL,
  `user_id` int DEFAULT NULL,
  `org_id` int DEFAULT NULL,
  `rfc` varchar(13) COLLATE utf8mb4_unicode_ci NOT NULL,
  `permiso` varchar(40) COLLATE utf8mb4_unicode_ci NOT NULL,
  `clave_instalacion` varchar(40) COLLATE utf8mb4_unicode_ci NOT NULL,
  `nombre` varchar(190) COLLATE utf8mb4_unicode_ci DEFAULT NULL,
  `created_at` timestamp NULL DEFAULT CURRENT_TIMESTAMP
) ENGINE=InnoDB DEFAULT CHARSET=utf8mb4 COLLATE=utf8mb4_unicode_ci;

--
-- Volcado de datos para la tabla `stations`
--

INSERT INTO `stations` (`id`, `user_id`, `org_id`, `rfc`, `permiso`, `clave_instalacion`, `nombre`, `created_at`) VALUES
(1, NULL, 1, 'GMA150205217', 'PL/24145/EXP/ES/2024', 'EDS-0001', NULL, '2025-10-01 19:44:57'),
(2, NULL, 1, 'PAME550203G55', 'PL/3179/EXP/ES/2015', 'EDS-0001', NULL, '2025-10-01 19:51:35'),
(3, NULL, 1, 'AMC1510299H7', 'PL/26140/EXP/ES/2024', 'EDS-0001', NULL, '2025-10-01 19:58:45'),
(5, NULL, 2, 'SSR200514247', 'PL/24954/EXP/ES/2023', 'EDS-0001', NULL, '2025-10-02 17:09:02'),
(6, 4, NULL, 'GFU140416HI2', 'PL/19481/EXP/ES/2016', 'EDS-0001', NULL, '2025-10-02 19:14:28'),
(7, 1, NULL, 'SRU1006098U3', 'PL/25306/EXP/ES/2023', 'EDS-0001', NULL, '2025-10-02 21:53:22'),
(8, 1, NULL, 'ESA010626556', 'PL/8441/EXP/ES/2015', 'EDS-0001', NULL, '2025-10-02 22:04:26'),
(9, 3, NULL, 'GOG110113QG4', 'PL/13642/EXP/ES/2016', 'EDS-0001', NULL, '2025-10-03 00:56:30'),
(10, 7, NULL, 'GFU140416HI2', 'PL/19481/EXP/ES/2016', 'EDS-0001', NULL, '2025-10-03 14:34:30'),
(11, 1, NULL, 'GFU140416HI2', 'PL/19481/EXP/ES/2016', 'EDS-0001', NULL, '2025-10-03 16:28:10'),
(12, 9, NULL, 'PEMJ410104TY2', 'PL/8056/EXP/ES/2015', 'EDS-0001', NULL, '2025-10-03 18:36:40'),
(13, 9, NULL, 'HEEW750313U66', 'PL/21561/EXP/ES/2018', 'EDS-0001', NULL, '2025-10-03 18:46:20'),
(14, 11, NULL, 'SMA081016LR7', 'PL/8420/EXP/ES/2015', 'EDS-0001', NULL, '2025-10-04 21:47:53'),
(15, 11, NULL, 'ESA010626556', 'PL/8869/EXP/ES/2015', 'EDS-0001', NULL, '2025-10-04 21:48:37'),
(16, 11, NULL, 'SOM1011058Z1', 'PL/8419/EXP/ES/2015', 'EDS-0001', NULL, '2025-10-04 21:52:51'),
(17, 11, NULL, 'SAD130403LE3', 'PL/8431/EXP/ES/2015', 'EDS-0001', NULL, '2025-10-04 21:56:05'),
(18, 11, NULL, 'AJI160516C45', 'PL/22557/EXP/ES/2019', 'EDS-0001', NULL, '2025-10-04 22:47:10'),
(19, 11, NULL, 'CTU020612RU9', 'PL/5843/EXP/ES/2015', 'EDS-0001', NULL, '2025-10-04 22:52:43'),
(20, 11, NULL, 'EST131107R12', 'PL/12776/EXP/ES/2015', 'EDS-0001', NULL, '2025-10-04 22:56:53'),
(21, 10, NULL, 'SIM1101123X4', 'PL/24271/EXP/ES/2022', 'EDS-0001', NULL, '2025-10-06 01:53:52'),
(22, 10, NULL, 'SIM1101123X4', 'PL/24272/EXP/ES/2022', 'EDS-0001', NULL, '2025-10-06 01:54:11'),
(23, 10, NULL, 'GOG110113QG4', 'PL/13642/EXP/ES/2016', 'EDS-0001', NULL, '2025-10-06 02:10:52'),
(24, 10, NULL, 'SMA100203I23', 'PL/6390/EXP/ES/2015', 'EDS-0001', NULL, '2025-10-06 02:11:09'),
(25, 10, NULL, 'SRU1006098U3', 'PL/25306/EXP/ES/2023', 'EDS-0001', NULL, '2025-10-06 03:26:43'),
(26, 10, NULL, 'SSR200514247', 'PL/24954/EXP/ES/2023', 'EDS-0001', NULL, '2025-10-06 03:26:52'),
(27, 12, NULL, 'CTU020612RU9', 'PL/5843/EXP/ES/2015', 'EDS-0001', NULL, '2025-10-06 20:34:15'),
(28, 3, NULL, 'ESA010626556', 'PL/8869/EXP/ES/2015', 'EDS-0001', NULL, '2025-10-06 20:40:29'),
(29, 9, NULL, 'GFU140416HI2', 'PL/19481/EXP/ES/2016', 'EDS-0001', NULL, '2025-10-06 22:14:53'),
(30, 3, NULL, 'GQU170323C41', 'PL/12624/EXP/ES/2015', 'EDS-0001', NULL, '2025-10-08 19:58:44'),
(31, 3, NULL, 'EMC170704HX1', 'H/22037/COM/2018', 'CMN-0001', NULL, '2025-10-09 01:28:58'),
(32, 13, NULL, 'EMC170704HX1', 'H/22037/COM/2018', 'CMN-0001', NULL, '2025-10-09 03:29:17'),
(33, 14, NULL, 'EMC170704HX1', 'H/22037/COM/2018', 'CMN-0001', NULL, '2025-10-09 22:40:00'),
(34, 15, NULL, 'EMC170704HX1', 'H/22037/COM/2018', 'CMN-0001', NULL, '2025-10-09 23:25:26'),
(35, 9, NULL, 'SCA0501311E9', 'PL/13279/EXP/ES/2016', 'EDS-0001', NULL, '2025-10-10 03:10:32'),
(36, 3, NULL, 'CTU020612RU9', 'PL/5843/EXP/ES/2015', 'EDS-0001', NULL, '2025-10-11 18:57:47'),
(37, 9, NULL, 'CTU020612RU9', 'PL/5843/EXP/ES/2015', 'EDS-0001', NULL, '2025-10-11 20:10:05'),
(38, 9, NULL, 'SCU220201U99', 'PL/25383/EXP/ES/2023', 'EDS-0001', NULL, '2025-10-13 16:46:19'),
(39, 9, NULL, 'CGG141120SN8', 'PL/18793/EXP/ES/2016', 'EDS-0001', NULL, '2025-10-13 17:07:30'),
(40, 9, NULL, 'ESB200603S1A', 'PL/23901/EXP/ES/2021', 'EDS-0001', NULL, '2025-10-13 17:11:09'),
(41, 9, NULL, 'ESC180606FS7', 'PL/22376/EXP/ES/2019', 'EDS-0001', NULL, '2025-10-13 17:11:34'),
(42, 9, NULL, 'ESG1111169B7', 'PL/21785/EXP/ES/2018', 'EDS-0001', NULL, '2025-10-13 17:12:02'),
(43, 9, NULL, 'ESG1111169B7', 'PL/7982/EXP/ES/2015', 'EDS-0001', NULL, '2025-10-13 17:12:58'),
(44, 3, NULL, 'ESB200603S1A', 'PL/23901/EXP/ES/2021', 'EDS-0001', NULL, '2025-10-13 22:12:42'),
(45, 9, NULL, 'GIN700808J16', 'PL/2191/EXP/ES/2015', 'EDS-0001', NULL, '2025-10-14 00:20:40'),
(46, 9, NULL, 'SRU1006098U3', 'PL/25306/EXP/ES/2023', 'EDS-0001', NULL, '2025-10-14 00:45:01'),
(47, 9, NULL, 'SSR200514247', 'PL/24954/EXP/ES/2023', 'EDS-0001', NULL, '2025-10-14 00:59:07'),
(48, 9, NULL, 'EAM111022CC8', 'PL/21061/EXP/ES/2018', 'EDS-0001', NULL, '2025-10-14 15:41:03'),
(49, 4, NULL, 'GMA150205217', 'PL/24145/EXP/ES/2024', 'EDS-0001', NULL, '2025-10-16 18:00:18'),
(50, 4, NULL, 'PEMA441202AN4', 'PL/8055/EXP/ES/2015', 'EDS-0001', NULL, '2025-10-16 18:01:01'),
(51, 4, NULL, 'SLU1511182MA', 'PL/23765/EXP/ES/2021', 'EDS-0001', NULL, '2025-10-16 18:14:54'),
(52, 4, NULL, 'EAM111022CC8', 'PL/21061/EXP/ES/2018', 'EDS-0001', NULL, '2025-10-16 18:16:39'),
(53, 3, NULL, 'SAD130403LE3', 'PL/8429/EXP/ES/2015', 'EDS-0001', NULL, '2025-10-16 18:29:36'),
(54, 3, NULL, 'ESA010626556', 'PL/8438/EXP/ES/2015', 'EDS-0001', NULL, '2025-10-16 18:30:08'),
(55, 3, NULL, 'SPH900131IFA', 'PL/3175/EXP/ES/2015', 'EDS-0001', NULL, '2025-10-16 18:38:48'),
(56, 3, NULL, 'CGA1401288Y5', 'PL/19052/EXP/ES/2016', 'EDS-0001', NULL, '2025-10-16 18:45:03'),
(57, 3, NULL, 'GLC020311PL1', 'PL/19884/EXP/ES/2017', 'EDS-0001', NULL, '2025-10-16 18:47:34'),
(58, 3, NULL, 'SSR200514247', 'PL/24954/EXP/ES/2023', 'EDS-0001', NULL, '2025-10-16 18:48:23'),
(59, 3, NULL, 'GFU140416HI2', 'PL/19481/EXP/ES/2016', 'EDS-0001', NULL, '2025-10-17 20:37:47'),
(60, 3, NULL, 'EUDA6102253H2', 'PL/8217/EXP/ES/2015', 'EDS-0001', NULL, '2025-10-20 17:52:59'),
(61, 3, NULL, 'SIM1101123X4', 'PL/24272/EXP/ES/2022', 'EDS-0001', NULL, '2025-10-22 17:41:25'),
(62, 9, NULL, 'SGR9601294J2', 'PL/9057/EXP/ES/2015', 'EDS-0001', NULL, '2025-10-22 19:41:55'),
(63, 11, NULL, 'ESA010626556', 'PL/8441/EXP/ES/2015', 'EDS-0001', NULL, '2025-11-03 20:49:52'),
(64, 11, NULL, 'CSF970110GP0', 'PL/8450/EXP/ES/2015', 'EDS-0001', NULL, '2025-11-03 20:50:19'),
(65, 3, NULL, 'PEMA441202AN4', 'PL/8055/EXP/ES/2015', 'EDS-0001', NULL, '2025-11-04 16:35:28'),
(66, 3, NULL, 'PEMJ410104TY2', 'PL/8056/EXP/ES/2015', 'EDS-0001', NULL, '2025-11-04 16:35:28'),
(67, 3, NULL, 'HEEW750313U66', 'PL/21561/EXP/ES/2018', 'EDS-0001', NULL, '2025-11-04 17:26:55'),
(68, 10, NULL, 'CGA0906269G9', 'PL/10280/EXP/ES/2015', 'EDS-0001', NULL, '2025-11-05 02:50:35'),
(69, 10, NULL, 'GRA131205N93', 'PL/5734/EXP/ES/2015', 'EDS-0001', NULL, '2025-11-05 02:50:58'),
(70, 10, NULL, 'GSH170911482', 'PL/21275/EXP/ES/2018', 'EDS-0001', NULL, '2025-11-05 02:51:11'),
(71, 10, NULL, 'CCR991110C93', 'PL/3216/EXP/ES/2015', 'EDS-0001', NULL, '2025-11-05 02:51:21'),
(72, 10, NULL, 'SLU1511182MA', 'PL/23765/EXP/ES/2021', 'EDS-0001', NULL, '2025-11-05 03:52:20'),
(73, 10, NULL, 'EAM111022CC8', 'PL/21061/EXP/ES/2018', 'EDS-0001', NULL, '2025-11-05 04:00:51'),
(74, 10, NULL, 'SCO6808208F0', 'PL/8719/EXP/ES/2015', 'EDS-0001', NULL, '2025-11-05 05:00:01'),
(75, 10, NULL, 'GLC020311PL1', 'PL/19884/EXP/ES/2017', 'EDS-0001', NULL, '2025-11-05 05:05:59'),
(76, 10, NULL, 'SPH900131IFA', 'PL/3175/EXP/ES/2015', 'EDS-0001', NULL, '2025-11-05 05:09:15'),
(77, 9, NULL, 'SBC22092697A', 'PL/25467/EXP/ES/2024', 'EDS-0001', NULL, '2025-11-05 15:44:37'),
(78, 9, NULL, 'AMC1510299H7', 'PL/26140/EXP/ES/2024', 'EDS-0001', NULL, '2025-11-06 04:16:29'),
(79, 9, NULL, 'EUDA6102253H2', 'PL/8217/EXP/ES/2015', 'EDS-0001', NULL, '2025-11-06 11:19:54'),
(80, 9, NULL, 'SCO6808208F0', 'PL/8719/EXP/ES/2015', 'EDS-0001', NULL, '2025-11-07 18:29:42'),
(81, 9, NULL, 'SPH900131IFA', 'PL/3175/EXP/ES/2015', 'EDS-0001', NULL, '2025-11-07 19:24:47'),
(82, 17, NULL, 'PEMA441202AN4', 'PL/8055/EXP/ES/2015', 'EDS-0001', NULL, '2025-11-07 23:26:34'),
(83, 9, NULL, 'GAT2302104W1', 'CNE/PL/181/EXP/ES/2025', 'EDS-0001', NULL, '2025-11-08 18:33:03'),
(84, 9, NULL, 'GURG5502065E9', 'PL/4525/EXP/ES/2015', 'EDS-0001', NULL, '2025-11-08 22:18:08'),
(85, 3, NULL, 'SOM1011058Z1', 'PL/8419/EXP/ES/2015', 'EDS-0001', NULL, '2025-11-11 23:33:52'),
(86, 11, NULL, 'SAZ221104U91', 'PL/25755/EXP/ES/2024', 'EDS-0001', NULL, '2025-11-12 05:30:29'),
(87, 11, NULL, 'AHI030314UP1', 'PL/2374/EXP/ES/2015', 'EDS-0001', NULL, '2025-11-12 06:31:34'),
(88, 3, NULL, 'SGR9601294J2', 'PL/9057/EXP/ES/2015', 'EDS-0001', NULL, '2025-11-13 18:27:23'),
(89, 11, NULL, 'SCD230523LG7', 'PL/25887/EXP/ES/2024', 'EDS-0001', NULL, '2025-11-20 17:10:08'),
(90, 10, NULL, 'DPM0106181V7', 'PL/3176/EXP/ES/2015', 'EDS-0001', NULL, '2025-11-20 20:09:30'),
(91, 11, NULL, 'PAME550203G55', 'PL/3179/EXP/ES/2015', 'EDS-0001', NULL, '2025-11-22 20:07:55'),
(92, 3, NULL, 'AJI160516C45', 'PL/22557/EXP/ES/2019', 'EDS-0001', NULL, '2025-11-27 17:56:09'),
(93, 11, NULL, 'ESA010626556', 'PL/8438/EXP/ES/2015', 'EDS-0001', NULL, '2025-12-02 23:01:42'),
(94, 11, NULL, 'SCO0204088SA', 'PL/8424/EXP/ES/2015', 'EDS-0001', NULL, '2025-12-02 23:08:38'),
(95, 11, NULL, 'CSF970110GP0', 'PL/8448/EXP/ES/2015', 'EDS-0001', NULL, '2025-12-02 23:12:52'),
(96, 11, NULL, 'ENE191202IX4', 'PL/24107/EXP/ES/2022', 'EDS-0001', NULL, '2025-12-04 14:35:25'),
(97, 11, NULL, 'SAD130403LE3', 'PL/8429/EXP/ES/2015', 'EDS-0001', NULL, '2025-12-04 14:37:43'),
(98, 11, NULL, 'CSF970110GP0', 'PL/20294/EXP/ES/2017', 'EDS-0001', NULL, '2025-12-04 14:46:52');

-- --------------------------------------------------------

--
-- Estructura de tabla para la tabla `uploads`
--

CREATE TABLE `uploads` (
  `id` bigint NOT NULL,
  `user_id` int DEFAULT NULL,
  `org_id` int DEFAULT NULL,
  `station_id` int NOT NULL,
  `filename` varchar(255) COLLATE utf8mb4_unicode_ci NOT NULL,
  `sha256` char(64) COLLATE utf8mb4_unicode_ci NOT NULL,
  `period_year` smallint NOT NULL,
  `period_month` tinyint NOT NULL,
  `period_day` tinyint DEFAULT NULL,
  `sat_version` varchar(20) COLLATE utf8mb4_unicode_ci DEFAULT NULL,
  `report_type` enum('monthly','daily') COLLATE utf8mb4_unicode_ci NOT NULL DEFAULT 'monthly',
  `status` enum('valid','invalid','warning') COLLATE utf8mb4_unicode_ci NOT NULL DEFAULT 'warning',
  `errors_json` json DEFAULT NULL,
  `created_by` int DEFAULT NULL,
  `created_at` timestamp NULL DEFAULT CURRENT_TIMESTAMP
) ENGINE=InnoDB DEFAULT CHARSET=utf8mb4 COLLATE=utf8mb4_unicode_ci;

--
-- Volcado de datos para la tabla `uploads`
--

INSERT INTO `uploads` (`id`, `user_id`, `org_id`, `station_id`, `filename`, `sha256`, `period_year`, `period_month`, `period_day`, `sat_version`, `report_type`, `status`, `errors_json`, `created_by`, `created_at`) VALUES
(1, NULL, 1, 1, 'M_2B8432D7-3F4B-4718-9E0E-0C06F61ADE12_GMA150205217_BST190514UC4_2025-06-30_EDS-0001_EXO_JSON.json', 'c7f8d259bdc5074e184a433d7127d33778b47a2bcf82fb2b35cd2e4f31b8b1c4', 2025, 6, NULL, '0.4', 'monthly', 'valid', NULL, NULL, '2025-10-01 19:44:57'),
(2, NULL, 1, 2, 'M_3442CF2D-5A29-4C53-8F7F-7A0B9CB4D6F8_PAME550203G55_BST190514UC4_2025-08-31_EDS-0001_EXO_JSON.json', '9411ea1510e6e5a40f957885c93a1673d3fdf3cb780261c0b7375e10ef38992d', 2025, 8, NULL, '4.0', 'monthly', 'valid', NULL, NULL, '2025-10-01 19:51:35'),
(3, NULL, 1, 3, 'M_DC306959-1230-43A7-B5EF-61723E780146_AMC1510299H7_BST190514UC4_2025-08-31_EDS-0001_EXO_JSON.json', '8bcdca5165694276f99ac03f7a7ad37fe5f4c29e4b46554544722e66e935bdcc', 2025, 8, NULL, '0.4', 'monthly', 'valid', NULL, NULL, '2025-10-01 19:58:45'),
(4, NULL, 1, 3, 'M_DC306959-1230-43A7-B5EF-61723E780146_AMC1510299H7_BST190514UC4_2025-08-31_EDS-0001_EXO_JSON.json', '8bcdca5165694276f99ac03f7a7ad37fe5f4c29e4b46554544722e66e935bdcc', 2025, 8, NULL, '0.4', 'monthly', 'valid', NULL, NULL, '2025-10-01 21:24:29'),
(5, NULL, 1, 3, 'M_4F0BC946-9140-4010-BC37-213C1943897A_AMC1510299H7_BST190514UC4_2025-07-31_EDS-0001_EXO_JSON.json', 'a54ec4a7b0f8db2da98ae77a660a62aa80d41050be396886144fb05df316b8dc', 2025, 7, NULL, '0.4', 'monthly', 'valid', NULL, NULL, '2025-10-01 21:55:23'),
(6, NULL, 1, 3, 'M_DC306959-1230-43A7-B5EF-61723E780146_AMC1510299H7_BST190514UC4_2025-08-31_EDS-0001_EXO_JSON.json', '8bcdca5165694276f99ac03f7a7ad37fe5f4c29e4b46554544722e66e935bdcc', 2025, 8, NULL, '0.4', 'monthly', 'valid', NULL, NULL, '2025-10-01 21:56:16'),
(7, NULL, 2, 5, 'M_67B79C35-9622-47DA-B9DE-6DE3279C4456_SSR200514247_BST190514UC4_2025-08-31_EDS-0001_EXO_JSON.json', '33d8f9fdad365bbedff50ec1486a59005463f1871e9e561585af2ca12b15345b', 2025, 8, NULL, '0.4', 'monthly', 'valid', NULL, NULL, '2025-10-02 17:09:02'),
(8, 4, NULL, 6, 'M_D253201B-7A7D-4426-806A-5DA536BABEAD_GFU140416HI2_BST190514UC4_2025-05-31_EDS-0001_EXO_JSON.json', 'bf93d92b7a94b9dddd9d06af637206f3350ba487aada2fceb59ae14550ae86c5', 2025, 5, NULL, '0.4', 'monthly', 'warning', NULL, NULL, '2025-10-02 19:14:28'),
(9, 4, NULL, 6, 'M_18085134-61FD-4A24-AC53-FEB76B8193E6_GFU140416HI2_BST190514UC4_2025-07-31_EDS-0001_EXO_JSON.json', 'c6ca3a599d8653de8def9c1d6256e3b4a7cf2e634edc11e4254894c62b377c01', 2025, 7, NULL, '0.4', 'monthly', 'valid', NULL, NULL, '2025-10-02 19:15:43'),
(10, 4, NULL, 6, 'M_811DA358-34BE-40DA-83F9-F56BB53DE659_GFU140416HI2_BST190514UC4_2025-08-31_EDS-0001_EXO_JSON.json', '183910d89b835881820249c2075054e5808fc1b44a975f7148a9f5d62c453620', 2025, 8, NULL, '0.4', 'monthly', 'valid', NULL, NULL, '2025-10-02 19:15:57'),
(12, 4, NULL, 6, 'M_0AFF3E25-9186-4EB5-8565-37A851A947DC_GFU140416HI2_BST190514UC4_2025-06-30_EDS-0001_EXO_JSON.json', '342dbfa02ab7cff92e6fd34ea28e15a2a9c42e08bb016f092309ef68af6c8ba2', 2025, 6, NULL, '0.4', 'monthly', 'valid', NULL, NULL, '2025-10-02 19:16:16'),
(13, 4, NULL, 6, 'M_97111B5B-AAFE-485F-81DB-89A6B2D6415A_GFU140416HI2_BST190514UC4_2025-03-31_EDS-0001_EXO_JSON.json', '7af2d3bf7110deb1fb7029b358061153bef7a492ecd58dc52cb4e41e6bfa55bd', 2025, 3, NULL, '0.4', 'monthly', 'warning', NULL, NULL, '2025-10-02 20:08:13'),
(15, 4, NULL, 6, 'M_35FDA2D9-C0CF-4432-ADC6-F33E4C8EAF1D_GFU140416HI2_BST190514UC4_2025-04-30_EDS-0001_EXO_JSON.json', '97397d7e3a374d11dcbedea477aadc111ff338540ad3de81f93a458b4ffa5986', 2025, 4, NULL, '0.4', 'monthly', 'warning', NULL, NULL, '2025-10-02 21:17:31'),
(22, 7, NULL, 10, 'M_97111B5B-AAFE-485F-81DB-89A6B2D6415A_GFU140416HI2_BST190514UC4_2025-03-31_EDS-0001_EXO_JSON.json', '7af2d3bf7110deb1fb7029b358061153bef7a492ecd58dc52cb4e41e6bfa55bd', 2025, 3, NULL, '0.4', 'monthly', 'warning', NULL, NULL, '2025-10-03 14:34:30'),
(23, 1, NULL, 8, 'M_F754E578-4917-425D-BE91-ABF547F92259_ESA010626556_BST190514UC4_2025-08-31_EDS-0001_EXO_JSON.json', 'b59c6441c0091c4f470026300f84157abeb2164a5e48e58d5180444ba73cbe35', 2025, 8, NULL, '0.4', 'monthly', 'valid', NULL, NULL, '2025-10-03 16:27:51'),
(24, 1, NULL, 11, 'M_E0FEF55B-BDB8-4967-97B3-FD151C0C24DA_GFU140416HI2_BST190514UC4_2025-04-30_EDS-0001_EXO_JSON.json', 'b792a9ce85f01ea89fd180b6756a5841dbfffde1de38c94a718af0661e8a511c', 2025, 4, NULL, '0.4', 'monthly', 'warning', NULL, NULL, '2025-10-03 16:28:10'),
(25, 1, NULL, 7, 'D_DDDADE7E-2D9F-4D7D-9589-00C93DDEFF23_SRU1006098U3_BST190514UC4_2025-08-24_EDS-0001_EXO_JSON.json', 'af9580e096f0f7665c6dfc042207279787c3acc6da1e9b8336c13f75e28b7637', 2025, 8, 24, '4.0', 'daily', 'valid', NULL, NULL, '2025-10-03 16:28:46'),
(26, 1, NULL, 11, 'M_97111B5B-AAFE-485F-81DB-89A6B2D6415A_GFU140416HI2_BST190514UC4_2025-03-31_EDS-0001_EXO_JSON.json', '7af2d3bf7110deb1fb7029b358061153bef7a492ecd58dc52cb4e41e6bfa55bd', 2025, 3, NULL, '0.4', 'monthly', 'warning', NULL, NULL, '2025-10-03 16:29:02'),
(27, 9, NULL, 12, 'M_201A28D2-2F85-42B9-86B2-37E2D3FAEFB4_PEMJ410104TY2_BST190514UC4_2025-09-30_EDS-0001_EXO_JSON.json', '1db27e28764a38b02e27311ca1ee5ea16dde7b62ff91e79cb857473c6dd17ab0', 2025, 9, NULL, '0.4', 'monthly', 'warning', NULL, NULL, '2025-10-03 18:36:41'),
(28, 9, NULL, 13, 'M_BAA21768-BA4C-44D7-BED9-E298BE53B4A8_HEEW750313U66_BST190514UC4_2025-09-30_EDS-0001_EXO_JSON.json', '25ed71d71f4eb43ca338de34fb7d67f01d5cc356f35a97eb9b28b8a7df6c6a88', 2025, 9, NULL, '0.4', 'monthly', 'warning', NULL, NULL, '2025-10-03 18:46:20'),
(29, 9, NULL, 12, 'M_7A23681E-D2D9-42FD-A35F-A162CADF5589_PEMJ410104TY2_BST190514UC4_2025-09-30_EDS-0001_EXO_JSON.json', '2be952298bcc92dc844e7df41b4333ab1bb9a3e2cbca0534c2938740655a7466', 2025, 9, NULL, '0.4', 'monthly', 'valid', NULL, NULL, '2025-10-03 19:19:34'),
(30, 9, NULL, 13, 'M_74799D96-AE40-42CC-82DF-B0ADF5A58A41_HEEW750313U66_BST190514UC4_2025-09-30_EDS-0001_EXO_JSON.json', '43e06475e4c0dd7ee9aec326a0c60782071b9bb5ff525b0b33fe93c3aa252f2d', 2025, 9, NULL, '0.4', 'monthly', 'valid', NULL, NULL, '2025-10-04 04:04:21'),
(32, 11, NULL, 14, 'M_37773B3C-A119-4741-8F6D-9253E6AD83CF_SMA081016LR7_BST190514UC4_2025-09-30_EDS-0001_EXO_JSON.json', '40076292b76a691a60fde871f01916d9075b06bf0d1659bd8db0ad113398ece3', 2025, 9, NULL, '0.4', 'monthly', 'valid', NULL, NULL, '2025-10-04 21:48:22'),
(33, 11, NULL, 15, 'M_A016F04D-0D5A-4A61-9F87-EE95C52B011A_ESA010626556_BST190514UC4_2025-09-30_EDS-0001_EXO_JSON.json', '838875de2f5e959f7c8e9df45ee6417f1f84c43293680d66233df60e874a3c71', 2025, 9, NULL, '0.4', 'monthly', 'valid', NULL, NULL, '2025-10-04 21:48:37'),
(34, 11, NULL, 16, 'M_5C934329-3990-42F2-A328-C60B667ACF79_SOM1011058Z1_BST190514UC4_2025-09-30_EDS-0001_EXO_JSON.json', 'c7ae2e9e57917b57e67bc1ece8c1868828d9514b868ba131c647e8a248f88d1e', 2025, 9, NULL, '0.4', 'monthly', 'valid', NULL, NULL, '2025-10-04 21:52:51'),
(35, 11, NULL, 17, 'M_FA256C6C-05C1-450E-9999-C84B6FB60921_SAD130403LE3_BST190514UC4_2025-09-30_EDS-0001_EXO_JSON.json', 'ddd005e72c12bc9f870cbb79b59a20d04af7cb7d512e947d7f47de90629cd98c', 2025, 9, NULL, '0.4', 'monthly', 'valid', NULL, NULL, '2025-10-04 21:56:05'),
(36, 11, NULL, 18, 'M_DE7E40FB-9DD5-46BA-8D84-71DC34E521B8_AJI160516C45_BST190514UC4_2025-09-30_EDS-0001_EXO_JSON.json', 'd4f6b9d310e8302ca2610e84a9ef549e5b9f89eab355c3cb9ed9f5d2ee553080', 2025, 9, NULL, '0.4', 'monthly', 'valid', NULL, NULL, '2025-10-04 22:47:10'),
(37, 11, NULL, 19, 'M_79C6BCBF-97B1-4DA2-9F5F-67B0107FA77B_CTU020612RU9_BST190514UC4_2025-09-30_EDS-0001_EXO_JSON.json', '34622e40e2047891af7b7ea1426d30da351fcde0b1da4c9a03e72f3b2f500bcf', 2025, 9, NULL, '0.4', 'monthly', 'valid', NULL, NULL, '2025-10-04 22:52:43'),
(38, 11, NULL, 20, 'M_44EE4616-D143-49BC-9BE6-E85C69AC3DD8_EST131107R12_BST190514UC4_2025-09-30_EDS-0001_EXO_JSON.json', '989aeeed8e3d2edd769bbb65b94b8c9f5d320ae1dc199374fa771a30ae29237a', 2025, 9, NULL, '4.0', 'monthly', 'valid', NULL, NULL, '2025-10-04 22:56:53'),
(49, 9, NULL, 29, 'M_84DE479D-3998-45B5-84D5-D428A47801E5_GFU140416HI2_BST190514UC4_2025-09-30_EDS-0001_EXO_JSON.json', '0306bef96d4741c0a3bdf02115116688b3c14dc157c748c8a9d9aaf23b568487', 2025, 9, NULL, '0.4', 'monthly', 'valid', NULL, NULL, '2025-10-06 22:14:53'),
(50, 12, NULL, 27, 'M_85DAEEE0-2FE2-4C58-A6D1-47B63803159D_CTU020612RU9_BST190514UC4_2025-08-31_EDS-0001_EXO_JSON.json', '7718b76093181df6177672ac61d902de7f8aa49915146ef5f066b1293085b591', 2025, 8, NULL, '0.4', 'monthly', 'valid', NULL, NULL, '2025-10-07 00:04:27'),
(51, 12, NULL, 27, 'M_6CEA1521-29F6-4E08-9E15-6157289AB1B2_CTU020612RU9_BST190514UC4_2025-07-31_EDS-0001_EXO_JSON.json', '4132d27f8cd6531100ba3c770c5921efa19440fefd01b5904883da8fbbc3b348', 2025, 7, NULL, '0.4', 'monthly', 'warning', NULL, NULL, '2025-10-07 00:23:36'),
(52, 12, NULL, 27, 'M_D6F9CDB5-615F-49E1-85F7-D6E8DB3A9D79_CTU020612RU9_BST190514UC4_2025-06-30_EDS-0001_EXO_JSON.json', 'ad8ff5fed52c1c228d6742618502775989eb176e150ebe87676b1b16c731fd14', 2025, 6, NULL, '0.4', 'monthly', 'warning', NULL, NULL, '2025-10-07 00:26:27'),
(53, 12, NULL, 27, 'M_17A1225B-33FA-4B12-A9E3-87F8EB697389_CTU020612RU9_BST190514UC4_2025-09-30_EDS-0001_EXO_JSON.json', '3df86e1bad3cb2163dd655959552e14556fae805f1be1f6af7f015aa1b101029', 2025, 9, NULL, '0.4', 'monthly', 'valid', NULL, NULL, '2025-10-08 00:13:37'),
(54, 12, NULL, 27, 'M_9493BFFD-DF64-465E-8966-21ED32CA8E9A_CTU020612RU9_BST190514UC4_2025-05-31_EDS-0001_EXO_JSON.json', '1312746517a5730e1dc0ce360048df96d0bc8d22f1e0c4b0203a25e4a15e5789', 2025, 5, NULL, '0.4', 'monthly', 'warning', NULL, NULL, '2025-10-08 00:18:08'),
(55, 12, NULL, 27, 'M_33BD0414-E783-4A18-A08A-E83EBA90DC73_CTU020612RU9_BST190514UC4_2025-04-30_EDS-0001_EXO_JSON.json', '5b0563ccad85b0dcf23e75306da5da625a647cd604a1b895c955aa0017d6704f', 2025, 4, NULL, '0.4', 'monthly', 'warning', NULL, NULL, '2025-10-08 00:19:40'),
(56, 12, NULL, 27, 'M_554CB817-13D0-4B65-9485-C3582458E863_CTU020612RU9_BST190514UC4_2025-03-31_EDS-0001_EXO_JSON.json', 'a0be6b443a313988bbc4fbb7b574608a6486038ae6a467c3c3d11882176b5c28', 2025, 3, NULL, '0.4', 'monthly', 'warning', NULL, NULL, '2025-10-08 00:21:16'),
(57, 12, NULL, 27, 'M_90A1A104-DFAB-467D-85D2-840A38527056_CTU020612RU9_BST190514UC4_2025-02-28_EDS-0001_EXO_JSON.json', 'd43faa1e20260cf53b15ee977c88676d5bb21f5282c8cb7f2aca131b33c98b34', 2025, 2, NULL, '0.4', 'monthly', 'warning', NULL, NULL, '2025-10-08 00:22:07'),
(62, 13, NULL, 32, 'M_CABC43DE-0C6C-4A9E-86AC-5D2AD70A0FB4_EMC170704HX1_BST190514UC4_2023-01-31_CMN-0001_CMN_JSON.json', 'f891e8dd6d5b4cec9a8793e0a083589faf856e32400d679df35118f9584dd338', 2023, 1, NULL, '0.4', 'monthly', 'warning', NULL, NULL, '2025-10-09 03:29:17'),
(64, 14, NULL, 33, 'M_6B243D10-E5D3-49C2-91C0-772801A0623A_EMC170704HX1_BST190514UC4_20230131_CMN-0001_CMN_JSON.json', 'a0a5d8c520ac3bd9b5f26421822eb3387790e2081fa51916007cf83a0f0907e4', 2023, 1, NULL, '0.4', 'monthly', 'valid', NULL, NULL, '2025-10-09 22:40:00'),
(66, 15, NULL, 34, 'M_A6384268-5598-44A2-B350-E85412DC8B28_EMC170704HX1_BST190514UC4_2023-01-31_CMN-0001_CMN_JSON.json', 'c91633c7165203cba42fcb2499288058148531f4c35d43a9edb5dff577d1d2a6', 2023, 1, NULL, '0.4', 'monthly', 'valid', NULL, NULL, '2025-10-10 00:09:51'),
(67, 9, NULL, 35, 'M_64262F1A-96C8-4CEE-A548-9608BE1F4929_SCA0501311E9_BST190514UC4_2023-11-30_EDS-0001_EXO_JSON.json', '2e45b2d8f3c5c3fe876d495b7553b0352088b9487baff929caf1e63a083d4654', 2023, 11, NULL, '0.4', 'monthly', 'valid', NULL, NULL, '2025-10-10 03:10:32'),
(73, 15, NULL, 34, 'M_CCF82079-86BD-410A-B2C6-9A21D4AF4EC7_EMC170704HX1_BST190514UC4_2023-02-28_CMN-0001_CMN_JSON.json', '8adbff03315f81a4c9e97dec94f604aa94016a74db412acec5da1e78a90f31f9', 2023, 2, NULL, '0.4', 'monthly', 'valid', NULL, NULL, '2025-10-10 06:47:24'),
(74, 15, NULL, 34, 'M_DC6381BA-C63E-4710-8D34-ABB3DB3D8F7D_EMC170704HX1_BST190514UC4_2023-03-31_CMN-0001_CMN_JSON.json', '403920844360159e11844eca099d6e5a42c94e7ed5f6991b6f94f841d65a35a7', 2023, 3, NULL, '0.4', 'monthly', 'valid', NULL, NULL, '2025-10-10 07:04:53'),
(75, 15, NULL, 34, 'M_2F5181CE-30FC-4056-B2F6-BA94F9992B0C_EMC170704HX1_BST190514UC4_2023-04-30_CMN-0001_CMN_JSON.json', '05a0a2f49b5639867141db9ba8daf70ed7d0eda2222d3afb022efa89c6dbb59b', 2023, 4, NULL, '0.4', 'monthly', 'valid', NULL, NULL, '2025-10-10 07:13:49'),
(76, 15, NULL, 34, 'M_85A01FAF-EAF3-45A4-8A59-2FF25EBC0E35_EMC170704HX1_BST190514UC4_2023-05-31_CMN-0001_CMN_JSON.json', '222da560adaf47b7ac4fd5239f57da8a0f0cad113c93ab3806f442df0a6b25d7', 2023, 5, NULL, '0.4', 'monthly', 'valid', NULL, NULL, '2025-10-10 07:19:30'),
(81, 15, NULL, 34, 'M_A2A09518-FF99-4A37-ACBB-B97F4F01F3E8_EMC170704HX1_BST190514UC4_2023-08-31_CMN-0001_CMN_JSON.json', '59fe5ca743c742e2113b810928dc31bbc64111a8b5e115f8fecfc87d5d29638d', 2023, 8, NULL, '0.4', 'monthly', 'valid', NULL, NULL, '2025-10-10 07:24:58'),
(82, 15, NULL, 34, 'M_4FF0B2C4-80DA-4A1D-872D-6998600CA0DA_EMC170704HX1_BST190514UC4_2023-07-31_CMN-0001_CMN_JSON.json', 'eecb7610c5c11a369f7b8f24f81fe1a0f2b74aff1fdb070430f23fe18cf85649', 2023, 7, NULL, '0.4', 'monthly', 'valid', NULL, NULL, '2025-10-10 07:24:58'),
(83, 15, NULL, 34, 'M_EA0B3C1C-06CE-46C1-B35B-2FC7E102DBFF_EMC170704HX1_BST190514UC4_2023-06-30_CMN-0001_CMN_JSON.json', '9e86b380948dee79f338d74d553d2e99f822d2f64287bfc16f01ae5110093986', 2023, 6, NULL, '0.4', 'monthly', 'valid', NULL, NULL, '2025-10-10 07:24:58'),
(87, 15, NULL, 34, 'M_3078BA42-B0EE-4EF8-A530-61B3AAE5AC47_EMC170704HX1_BST190514UC4_2023-12-31_CMN-0001_CMN_JSON.json', '2aa21777f2c21ea762baabc425e6a95657150c31f5094034cbef522dcd953b30', 2023, 12, NULL, '0.4', 'monthly', 'valid', NULL, NULL, '2025-10-11 01:21:51'),
(88, 15, NULL, 34, 'M_845585D9-9B1F-4DD8-B42B-8E46EEF97B26_EMC170704HX1_BST190514UC4_2023-11-30_CMN-0001_CMN_JSON.json', '0831574453452f506dfd9d4d10ed1ea14b356d4c7fef394b6c3f2925a9854de0', 2023, 11, NULL, '0.4', 'monthly', 'valid', NULL, NULL, '2025-10-11 01:21:51'),
(89, 15, NULL, 34, 'M_AF16B998-A4EF-421A-A224-39862C6C2F15_EMC170704HX1_BST190514UC4_2023-10-31_CMN-0001_CMN_JSON.json', 'f2ece5f33d8585f98393891191abb1c4e13a46dee8ff4f14f48e777a1eb98d42', 2023, 10, NULL, '0.4', 'monthly', 'valid', NULL, NULL, '2025-10-11 01:21:51'),
(90, 15, NULL, 34, 'M_7269C548-DA59-4BBE-AB06-313B48A76412_EMC170704HX1_BST190514UC4_2023-09-30_CMN-0001_CMN_JSON.json', '1895fb67efd31e43e97b1773fa6cc858fd23755163aa62ac76da6aef0a78ed3d', 2023, 9, NULL, '0.4', 'monthly', 'valid', NULL, NULL, '2025-10-11 01:21:51'),
(92, 9, NULL, 37, 'M_AA191674-E0E4-4884-BB1E-99FC5582C933_CTU020612RU9_BST190514UC4_2025-01-31_EDS-0001_EXO_JSON.json', 'df0c8cccfc6b80424e8344909eda5b4dd9733b23e5853548922aad1acf608a78', 2025, 1, NULL, '0.4', 'monthly', 'warning', NULL, NULL, '2025-10-11 20:10:05'),
(93, 9, NULL, 37, 'M_AC8E1BA4-9494-42DC-B145-ADDD6AE1C232_CTU020612RU9_BST190514UC4_2025-01-31_EDS-0001_EXO_JSON.json', '833e8759b58a2089643373b73d979f469e23ffd431187b1023fde04e43f66309', 2025, 1, NULL, '0.4', 'monthly', 'valid', NULL, NULL, '2025-10-11 20:28:04'),
(94, 15, NULL, 34, 'M_5698770A-7BCE-4001-826B-0B43F1026308_EMC170704HX1_BST190514UC4_2022-01-31_CMN-0001_CMN_JSON.json', '1621e053050cedd55c45a502b7cd4ccfa2ca5f0346d11ad03d60c644caff7629', 2022, 1, NULL, '0.4', 'monthly', 'valid', NULL, NULL, '2025-10-12 01:18:03'),
(95, 15, NULL, 34, 'M_1ED03613-6731-4130-9B37-C9A1A19DCEA8_EMC170704HX1_BST190514UC4_2022-02-28_CMN-0001_CMN_JSON.json', 'd6b5742f58f1a1e2729a92d770718501f96ad84e8727f857095c00c02380b05c', 2022, 2, NULL, '0.4', 'monthly', 'valid', NULL, NULL, '2025-10-12 01:27:12'),
(113, 9, NULL, 38, 'M_26F11F81-4D5C-4D5B-825E-C37D473E248E_SCU220201U99_BST190514UC4_2025-09-30_EDS-0001_EXO_JSON.json', '27985e31a2bd55409292aa5bbff14e7ee1dccabdc3c70f6e59648513410db0f5', 2025, 9, NULL, '0.4', 'monthly', 'warning', NULL, NULL, '2025-10-13 16:46:19'),
(116, 9, NULL, 41, 'M_22C32EDA-EB42-4833-90F3-5A05C67D8B57_ESC180606FS7_BST190514UC4_2025-09-30_EDS-0001_EXO_JSON.json', '7911010c7ddac399777e8609058ec4f6bcb4436773257d5b4dc9be9f08bd6c27', 2025, 9, NULL, '0.4', 'monthly', 'warning', NULL, NULL, '2025-10-13 17:11:34'),
(117, 9, NULL, 42, 'M_6690B9C7-564F-41E0-BC57-27B346281D9C_ESG1111169B7_BST190514UC4_2025-09-30_EDS-0001_EXO_JSON.json', 'bd25e5cdda6373829274fbcd9e8882753418290afcc30530b78ac29908409143', 2025, 9, NULL, '0.4', 'monthly', 'warning', NULL, NULL, '2025-10-13 17:12:02'),
(119, 9, NULL, 39, 'M_55C7FEC6-89F1-45A4-ABC1-20B102495DF0_CGG141120SN8_BST190514UC4_2025-08-31_EDS-0001_EXO_JSON.json', 'ad62ee233154dfc77a95f3a8440ff1c8ea30dd47947cf21d9caf1c427e594841', 2025, 8, NULL, '0.4', 'monthly', 'valid', NULL, NULL, '2025-10-13 17:15:19'),
(120, 9, NULL, 43, 'M_95A5000A-09B4-4B6F-A79B-E9B368277210_ESG1111169B7_BST190514UC4_2025-09-30_EDS-0001_EXO_JSON.json', '5cd93989ee43b1eeaca252b448b945fff1f7272c391f17f6d4b8bc6207167c67', 2025, 9, NULL, '0.4', 'monthly', 'warning', NULL, NULL, '2025-10-13 18:55:21'),
(121, 9, NULL, 39, 'M_1039D28D-D1A3-48BD-A29D-518F9CB0E326_CGG141120SN8_BST190514UC4_2025-09-30_EDS-0001_EXO_JSON.json', '30172a8f6f8c6f525254c9b1d19299ce7e039bd7db69f44620b053ce41c7daba', 2025, 9, NULL, '0.4', 'monthly', 'warning', NULL, NULL, '2025-10-13 18:56:32'),
(122, 9, NULL, 40, 'M_EA92EEB0-A649-4B69-AFB4-11C7234D5A84_ESB200603S1A_BST190514UC4_2025-09-30_EDS-0001_EXO_JSON.json', 'bf650d2daf2c7d973d3019ee2b37d5158c2867d77920c165b3fb21e662b52710', 2025, 9, NULL, '0.4', 'monthly', 'warning', NULL, NULL, '2025-10-13 18:59:59'),
(123, 15, NULL, 34, 'M_EAD876D5-CB85-4031-A819-72CECF3934B9_EMC170704HX1_BST190514UC4_2024-03-31_CMN-0001_CMN_JSON.json', '24b095cdb5c00a93308c8dbc0c51102353b86b204ca3d86673a73a0e006ef1a4', 2024, 3, NULL, '0.4', 'monthly', 'valid', NULL, NULL, '2025-10-13 20:14:45'),
(124, 15, NULL, 34, 'M_DC90A86E-711D-427B-8D7F-3631AB9BAB2C_EMC170704HX1_BST190514UC4_2024-04-30_CMN-0001_CMN_JSON.json', '6778e6dcdaf007a0d2e18a5a760aff5a315a38d0a54ea5eff89590dc90f1962c', 2024, 4, NULL, '0.4', 'monthly', 'valid', NULL, NULL, '2025-10-13 22:07:07'),
(128, 9, NULL, 46, 'M_AE37AEC8-D3A9-482E-AF09-5D060C5BFD09_SRU1006098U3_BST190514UC4_2025-09-30_EDS-0001_EXO_JSON.json', '2e615c5f95ccf72bde0f8883ac295a161e87543e4dc74ef75f96f96c6b6321d5', 2025, 9, NULL, '4.0', 'monthly', 'valid', NULL, NULL, '2025-10-14 00:45:02'),
(129, 9, NULL, 47, 'M_4B440FE6-9EDE-4272-B441-D32A2AA3EAC8_SSR200514247_BST190514UC4_2025-09-30_EDS-0001_EXO_JSON.json', '1e55f0697cc5cb25d09506df385605fcb4bbd2e7acb60d3da71d1f98832809f9', 2025, 9, NULL, '0.4', 'monthly', 'valid', NULL, NULL, '2025-10-14 00:59:07'),
(130, 9, NULL, 45, 'M_1667623C-6175-48B0-B90E-E71873EAD3EB_GIN700808J16_BST190514UC4_2025-09-30_EDS-0001_EXO_JSON.json', '5f36403d349e2f1b19f5cb8167b4a58d99abc865a2fb8ac412a7f79cb0df40c7', 2025, 9, NULL, '0.4', 'monthly', 'warning', NULL, NULL, '2025-10-14 01:07:38'),
(131, 9, NULL, 45, 'M_CC5F5539-298B-4995-923C-6FBF0569342F_GIN700808J16_BST190514UC4_2025-09-30_EDS-0001_EXO_JSON.json', 'cbae120729c182fd6cf4ca42bb104ecd1d7f8987cafbc8a654d7961ddc8b9511', 2025, 9, NULL, '0.4', 'monthly', 'valid', NULL, NULL, '2025-10-14 01:08:37'),
(132, 9, NULL, 40, 'M_93509628-1DC4-4921-8CD5-125681533E50_ESB200603S1A_BST190514UC4_2025-09-30_EDS-0001_EXO_JSON.json', 'c562c61d092beb02316a1bb0485f710b26b51832c61605ccfb9b05c68c1f5129', 2025, 9, NULL, '0.4', 'monthly', 'valid', NULL, NULL, '2025-10-14 01:20:17'),
(133, 9, NULL, 39, 'M_C3AB5F0B-2DBC-48CF-9BC2-3D39170BD8A4_CGG141120SN8_BST190514UC4_2025-09-30_EDS-0001_EXO_JSON.json', 'b4d7c70c4438ca478607e250d5ab8a5679c475ad9c59fca55bc27e5adae17b58', 2025, 9, NULL, '0.4', 'monthly', 'valid', NULL, NULL, '2025-10-14 01:22:39'),
(134, 9, NULL, 43, 'M_AA39B8D6-842D-44B7-AF61-16C6581479A6_ESG1111169B7_BST190514UC4_2025-09-30_EDS-0001_EXO_JSON.json', '4cb54b830bbed016665da6f37f973e098dcca142182010579077113223670348', 2025, 9, NULL, '0.4', 'monthly', 'valid', NULL, NULL, '2025-10-14 01:27:34'),
(135, 9, NULL, 42, 'M_4E864CCF-F13C-464B-9DC2-D7E6387F6BE7_ESG1111169B7_BST190514UC4_2025-09-30_EDS-0001_EXO_JSON.json', '62269812566557d0c313f47d094acc4e6e79a00c2dca3940448d58fc879827b6', 2025, 9, NULL, '0.4', 'monthly', 'valid', NULL, NULL, '2025-10-14 01:31:45'),
(136, 9, NULL, 41, 'M_36AD2FEF-531F-45CB-9D63-FE0F9BB2EA5C_ESC180606FS7_BST190514UC4_2025-09-30_EDS-0001_EXO_JSON.json', '74d0a44b1efe706a197a6eaf8ed2eb669e85f32897988f041b5229c011625312', 2025, 9, NULL, '0.4', 'monthly', 'valid', NULL, NULL, '2025-10-14 01:48:48'),
(137, 9, NULL, 38, 'M_AAE5CA7F-5DCF-4259-87EC-247FA8F375D1_SCU220201U99_BST190514UC4_2025-09-30_EDS-0001_EXO_JSON.json', '0083ae01978478694fabca4153320cb69eebabd13a7d2c5244fe86ccaba54557', 2025, 9, NULL, '0.4', 'monthly', 'valid', NULL, NULL, '2025-10-14 04:15:27'),
(138, 9, NULL, 35, 'M_7C703C23-EB62-458C-B772-DB389B2B2C5B_SCA0501311E9_BST190514UC4_2024-01-31_EDS-0001_EXO_JSON.json', '8156883cbe7bfb1f1eee5ebc12c1b1487a1971eb41f1afbc7b9fe00a0139bae9', 2024, 1, NULL, '0.4', 'monthly', 'valid', NULL, NULL, '2025-10-14 07:20:45'),
(139, 9, NULL, 35, 'M_E337DF2D-4112-4274-B700-50DF3630DF15_SCA0501311E9_BST190514UC4_2025-09-30_EDS-0001_EXO_JSON.json', '8fd833c7092fe69dd98b6a235d3fc7174f057c6a023c74d03552aa332772481e', 2025, 9, NULL, '0.4', 'monthly', 'valid', NULL, NULL, '2025-10-14 09:11:09'),
(141, 9, NULL, 48, 'M_B8A0EADA-9A19-498B-B071-21A4755B59FC_EAM111022CC8_BST190514UC4_2025-09-30_EDS-0001_EXO_JSON.json', 'e5da3e55b7e93cfe5f6fb0cea8f7a9d835008f207365bdda694eef34f21e700f', 2025, 9, NULL, '0.4', 'monthly', 'warning', NULL, NULL, '2025-10-14 15:41:03'),
(142, 12, NULL, 27, 'M_AC8E1BA4-9494-42DC-B145-ADDD6AE1C232_CTU020612RU9_BST190514UC4_2025-01-31_EDS-0001_EXO_JSON.json', '833e8759b58a2089643373b73d979f469e23ffd431187b1023fde04e43f66309', 2025, 1, NULL, '0.4', 'monthly', 'valid', NULL, NULL, '2025-10-14 16:19:51'),
(143, 9, NULL, 48, 'M_6BB534C7-C174-4582-96B4-45A3E5608E1B_EAM111022CC8_BST190514UC4_2025-09-30_EDS-0001_EXO_JSON.json', '88ff73cf72bab02e65204377c6b05a04e749ac7c4bb85dcffe6b9f1c7da8db06', 2025, 9, NULL, '0.4', 'monthly', 'valid', NULL, NULL, '2025-10-14 17:30:46'),
(144, 4, NULL, 49, 'M_1694A864-3197-4152-BE57-C8C1E5ED3FB1_GMA150205217_BST190514UC4_2025-08-31_EDS-0001_EXO_JSON.json', '7100cc8360502876757e2f19740f609722da1e0e278a2dc9427b905ba5a24e19', 2025, 8, NULL, '0.4', 'monthly', 'warning', NULL, NULL, '2025-10-16 18:00:18'),
(145, 4, NULL, 50, 'M_477C32C3-CC32-4D15-A311-48F1C7CF750A_PEMA441202AN4_BST190514UC4_2025-08-31_EDS-0001_EXO_JSON.json', '93399972d8d30d537379022910afaf5fff1aab0cd37272359e49fe2548f4dea0', 2025, 8, NULL, '0.4', 'monthly', 'warning', NULL, NULL, '2025-10-16 18:01:01'),
(147, 4, NULL, 51, 'M_0BA4ADF0-0986-48D0-845B-04B5D640C8F7_SLU1511182MA_BST190514UC4_2025-09-30_EDS-0001_EXO_JSON.json', 'b7d496980422df8d83f1756424c1d78167ac5b4ed065aca51a505204ee235805', 2025, 9, NULL, '0.4', 'monthly', 'warning', NULL, NULL, '2025-10-16 18:15:42'),
(148, 4, NULL, 52, 'M_6BB534C7-C174-4582-96B4-45A3E5608E1B_EAM111022CC8_BST190514UC4_2025-09-30_EDS-0001_EXO_JSON.json', '88ff73cf72bab02e65204377c6b05a04e749ac7c4bb85dcffe6b9f1c7da8db06', 2025, 9, NULL, '0.4', 'monthly', 'valid', NULL, NULL, '2025-10-16 18:16:39'),
(158, 15, NULL, 34, 'M_CC85FA8D-8EAB-440D-8C1F-8CBFA766DEAB_EMC170704HX1_BST190514UC4_2024-05-31_CMN-0001_CMN_JSON.json', 'e1d71104c63b1a7651c9b35a3af04cfe8e8d67ecd1e55beab3aa958f04af847c', 2024, 5, NULL, '0.4', 'monthly', 'valid', NULL, NULL, '2025-10-17 03:49:13'),
(160, 15, NULL, 34, 'M_5D6A19A0-6345-4B6A-92D2-004B47B004BA_EMC170704HX1_BST190514UC4_2024-05-31_CMN-0001_CMN_JSON.json', 'b67b0afbaaae164cf68312f69fbfe0e544c91bee278fab065892b01471fce3c1', 2024, 5, NULL, '0.4', 'monthly', 'valid', NULL, NULL, '2025-10-17 21:04:07'),
(161, 15, NULL, 34, 'M_BF560ED2-0893-4E2B-B466-12485C5C6989_EMC170704HX1_BST190514UC4_2024-06-30_CMN-0001_CMN_JSON.json', '5729955419a46b0d14bfa2ded0563ce3a6b22849fea9271524d123d3fa407ff6', 2024, 6, NULL, '0.4', 'monthly', 'valid', NULL, NULL, '2025-10-17 21:06:53'),
(162, 15, NULL, 34, 'M_24B6DAEA-CC62-424B-BE69-068BABC19F73_EMC170704HX1_BST190514UC4_2024-07-31_CMN-0001_CMN_JSON.json', '3322dad894ce67424455bb9d6ac61521f090199f8c04f5620e8e6c6eb1c4ec5c', 2024, 7, NULL, '0.4', 'monthly', 'valid', NULL, NULL, '2025-10-17 21:08:37'),
(163, 15, NULL, 34, 'M_B02E1DAF-EAA4-47D2-B737-5EE82D777F77_EMC170704HX1_BST190514UC4_2024-08-31_CMN-0001_CMN_JSON.json', 'd56536ac3ac08f3360bf36e817258158e682fb93d96a179f3d79a094f9bf0203', 2024, 8, NULL, '0.4', 'monthly', 'valid', NULL, NULL, '2025-10-17 21:10:34'),
(164, 15, NULL, 34, 'M_15D84621-9F2B-46F9-91C9-E0A771141367_EMC170704HX1_BST190514UC4_2024-09-30_CMN-0001_CMN_JSON.json', 'ea273f9871e3e7ff808f85e5364661e41f38c48a0516e85e535c6fbded10b18a', 2024, 9, NULL, '0.4', 'monthly', 'valid', NULL, NULL, '2025-10-17 21:11:34'),
(166, 15, NULL, 34, 'M_08D8DECB-B983-4496-8B0E-762D4BE73F81_EMC170704HX1_BST190514UC4_2024-10-31_CMN-0001_CMN_JSON.json', '4aff50e811b577fb9deda672b16666eee75a5e6686fd6bdd533fd4c78ad828e1', 2024, 10, NULL, '0.4', 'monthly', 'valid', NULL, NULL, '2025-10-17 21:28:12'),
(168, 15, NULL, 34, 'M_7438DED1-DCBA-4266-A07C-31D4FCCADFC1_EMC170704HX1_BST190514UC4_2024-09-30_CMN-0001_CMN_JSON.json', '5b80c14937fb72c2455e296294e41e414b4a46a1901c841dffba295cba5d68bf', 2024, 9, NULL, '0.4', 'monthly', 'valid', NULL, NULL, '2025-10-17 21:31:52'),
(169, 15, NULL, 34, 'M_68A981CC-CB76-41B2-9216-094EE9C25200_EMC170704HX1_BST190514UC4_2024-11-30_CMN-0001_CMN_JSON.json', '01567a9302802ba984a9a65dde454beb0c50d09c88f4684e611d771cd81dfb04', 2024, 11, NULL, '0.4', 'monthly', 'valid', NULL, NULL, '2025-10-17 21:33:02'),
(170, 15, NULL, 34, 'M_E4D1D722-DAD6-4254-A01D-03ED473A2EB5_EMC170704HX1_BST190514UC4_2024-12-31_CMN-0001_CMN_JSON.json', '4b4b62ded6cc3faf7d9bcceb62c1353df9fb1e2e9cc100327160796e6183438e', 2024, 12, NULL, '0.4', 'monthly', 'valid', NULL, NULL, '2025-10-17 21:34:38'),
(171, 15, NULL, 34, 'M_08A1D825-DD32-46C3-BB4C-5AC6AA3A1942_EMC170704HX1_BST190514UC4_2025-01-31_CMN-0001_CMN_JSON.json', 'e0d56e75f82b12b5718bb600fcb9c06692c8cd284b64f7056a039d7698c780e9', 2025, 1, NULL, '0.4', 'monthly', 'valid', NULL, NULL, '2025-10-17 21:56:30'),
(172, 15, NULL, 34, 'M_942AEA2B-F241-4D5C-9C0B-D53F3A3970D1_EMC170704HX1_BST190514UC4_2025-02-28_CMN-0001_CMN_JSON.json', '83c4a2544a21a4087445683e42ee02987c533ee93605dfbf3f9d6edb9e231399', 2025, 2, NULL, '0.4', 'monthly', 'valid', NULL, NULL, '2025-10-17 21:57:17'),
(173, 15, NULL, 34, 'M_DA84DED6-2A2D-440D-A265-6EE0A4CF1786_EMC170704HX1_BST190514UC4_2025-03-31_CMN-0001_CMN_JSON.json', 'b083abb0a17c3fdb51e9cba93e89f3d90ce5ed802872e9751b71859b5ce5bace', 2025, 3, NULL, '0.4', 'monthly', 'valid', NULL, NULL, '2025-10-17 21:58:09'),
(174, 15, NULL, 34, 'M_7139EA52-1961-4642-9BD7-3D76FD744E0E_EMC170704HX1_BST190514UC4_2025-04-30_CMN-0001_CMN_JSON.json', '1e14335ddab923d209cf4122c6b4d3b2b5f6baf171793868a48612b9e9eb0b13', 2025, 4, NULL, '0.4', 'monthly', 'valid', NULL, NULL, '2025-10-17 21:58:49'),
(175, 15, NULL, 34, 'M_0B5EC737-50DC-494D-A79E-91B7FFECEC54_EMC170704HX1_BST190514UC4_2025-05-31_CMN-0001_CMN_JSON.json', 'f7844ffd31fc82d7883e048604d63f567b725f56cc6e5ae231501db0c7017094', 2025, 5, NULL, '0.4', 'monthly', 'valid', NULL, NULL, '2025-10-17 21:59:39'),
(176, 15, NULL, 34, 'M_71187C58-ACC3-4AAE-9FB4-E5940933BC00_EMC170704HX1_BST190514UC4_2025-06-30_CMN-0001_CMN_JSON.json', '16fa13159f700e86b8d738540ed113b31134f089004e718809c0bb4ac725d702', 2025, 6, NULL, '0.4', 'monthly', 'valid', NULL, NULL, '2025-10-17 22:00:17'),
(177, 15, NULL, 34, 'M_08D93074-B20D-4DB0-996C-265FA1ED2510_EMC170704HX1_BST190514UC4_2025-07-31_CMN-0001_CMN_JSON.json', '969381a3813d205eae103b9b05d35250efa185463dd8bc1ec80fe12a6a9e81ba', 2025, 7, NULL, '0.4', 'monthly', 'valid', NULL, NULL, '2025-10-17 22:00:49'),
(181, 9, NULL, 62, 'M_1465EFD1-7A73-46AD-ADAB-CDAEB819E601_SGR9601294J2_BST190514UC4_2025-09-30_EDS-0001_EXO_JSON.json', '7031fb935cffe23dd0ded65229a795d9021bae893af9717304713dec4ac3e04d', 2025, 9, NULL, '4.0', 'monthly', 'valid', NULL, NULL, '2025-10-22 19:41:55'),
(182, 11, NULL, 63, 'M_FC8106AA-F50A-456D-BF37-004EA8E93D51_ESA010626556_BST190514UC4_2025-10-31_EDS-0001_EXO_JSON.json', '5c38c3f2141998ea0ef4b365fce918fcb92ef0dc6092cc0878a4449db8da6a24', 2025, 10, NULL, '0.4', 'monthly', 'valid', NULL, NULL, '2025-11-03 20:49:52'),
(183, 11, NULL, 64, 'M_E0018B19-3772-47F5-8DA3-0C1683751517_CSF970110GP0_BST190514UC4_2025-10-31_EDS-0001_EXO_JSON.json', '7fa1ba3ee8028cf5dbade7b6136758918cf363bc01123738e531ea096e983f43', 2025, 10, NULL, '4.0', 'monthly', 'valid', NULL, NULL, '2025-11-03 20:50:19'),
(185, 11, NULL, 63, 'M_0A978AC5-C3FA-430D-9BD9-5275B648324B_ESA010626556_BST190514UC4_2025-10-31_EDS-0001_EXO_JSON.json', '79a97d02debba855486ca32887bcd0eba8e25ba233f1a2d9a3d17760bc849bd4', 2025, 10, NULL, '0.4', 'monthly', 'valid', NULL, NULL, '2025-11-03 20:53:23'),
(186, 11, NULL, 17, 'M_743FD5EA-210C-4C6E-B03E-C8876706B08B_SAD130403LE3_BST190514UC4_2025-10-31_EDS-0001_EXO_JSON.json', 'c864f42378ea322dd6d9ab045b732f601b4d73123c7ebe00b26a475ca1d1fb27', 2025, 10, NULL, '0.4', 'monthly', 'valid', NULL, NULL, '2025-11-03 22:27:45'),
(192, 9, NULL, 13, 'M_96FFC48C-051B-4C89-A292-79E23D1B22DF_HEEW750313U66_BST190514UC4_2025-10-31_EDS-0001_EXO_JSON.json', '80a55c3cbae3e88ff2b1997a3f855ba8784001083acd24bf431c5d83a4fed5ed', 2025, 10, NULL, '0.4', 'monthly', 'valid', NULL, NULL, '2025-11-04 19:32:17'),
(206, 9, NULL, 43, 'M_63B0BDF1-F6C0-4656-BC68-DD0B5E9D52A5_ESG1111169B7_BST190514UC4_2025-10-31_EDS-0001_EXO_JSON.json', 'abd034965ac4b2d743c191d1b15af0a30e0b92bc8bfc7265e751f5aab2e289de', 2025, 10, NULL, '0.4', 'monthly', 'valid', NULL, NULL, '2025-11-05 14:52:23'),
(207, 9, NULL, 39, 'M_710561A2-20BF-443F-B522-B17CCD0FD23C_CGG141120SN8_BST190514UC4_2025-10-31_EDS-0001_EXO_JSON.json', 'f8889d5086e4f0aab25a7a2830cb07b0d7f8be2008f6f65ac371c93d47e77dde', 2025, 10, NULL, '0.4', 'monthly', 'valid', NULL, NULL, '2025-11-05 14:58:34'),
(208, 9, NULL, 41, 'M_B3640019-4881-4F66-B824-E547E622BCB7_ESC180606FS7_BST190514UC4_2025-10-31_EDS-0001_EXO_JSON.json', '60432b2d803eed910aeeaae43b7d54d0d32a4bb6ffe439d88bf3352806759a3c', 2025, 10, NULL, '0.4', 'monthly', 'valid', NULL, NULL, '2025-11-05 15:04:47'),
(209, 9, NULL, 40, 'M_5E1E0099-DAED-4578-A406-48838D1C1EA5_ESB200603S1A_BST190514UC4_2025-10-31_EDS-0001_EXO_JSON.json', '6d2ee824def47b362b9ed5120c45370e22f8a2f1fbc96cb1f19dceacef0c246c', 2025, 10, NULL, '0.4', 'monthly', 'valid', NULL, NULL, '2025-11-05 15:12:40'),
(210, 9, NULL, 38, 'M_45478C72-45EA-4F7E-A802-DAC684549F52_SCU220201U99_BST190514UC4_2025-10-31_EDS-0001_EXO_JSON.json', 'ea2c37435db84278cf8ba1da276d8ff427af68023b5db4a7262913da9077c814', 2025, 10, NULL, '0.4', 'monthly', 'valid', NULL, NULL, '2025-11-05 15:26:06'),
(211, 9, NULL, 77, 'M_6976F711-605C-4CF2-A674-8A9291088946_SBC22092697A_BST190514UC4_2025-10-31_EDS-0001_EXO_JSON.json', 'f11d779f6c5d9be4cd5f161fe35036848eb52b909d8ea6bd9cddcd95fe87e0df', 2025, 10, NULL, '0.4', 'monthly', 'valid', NULL, NULL, '2025-11-05 15:44:37'),
(212, 9, NULL, 45, 'M_3C33BBB2-69DC-4EC9-AF1D-3ECF1A507EC7_GIN700808J16_BST190514UC4_2025-10-31_EDS-0001_EXO_JSON.json', 'a036d7b67fad377487d704731c6d8fff8ddcf4752487cdd95c70d98dff82eb09', 2025, 10, NULL, '0.4', 'monthly', 'valid', NULL, NULL, '2025-11-05 15:58:31'),
(213, 9, NULL, 46, 'M_611EE655-D5E6-42D7-A066-2E678DC1FFF0_SRU1006098U3_BST190514UC4_2025-10-31_EDS-0001_EXO_JSON.json', '8ab300c2d16b55bdea5218d37d62422b4e08d4ef0d58156c31aac6ed9ce98237', 2025, 10, NULL, '4.0', 'monthly', 'valid', NULL, NULL, '2025-11-05 16:41:54'),
(217, 11, NULL, 19, 'M_0AB39BF8-E938-4C8E-BF59-6D438023F709_CTU020612RU9_BST190514UC4_2025-10-31_EDS-0001_EXO_JSON.json', '955e0b99ef679146c744bc1d83e0be47fd5fc38d8196f1d7fcd7e7e3936dc891', 2025, 10, NULL, '0.4', 'monthly', 'valid', NULL, NULL, '2025-11-06 01:33:54'),
(218, 9, NULL, 78, 'M_D717CB5D-56FD-46DA-8C70-B802A036C692_AMC1510299H7_BST190514UC4_2025-10-31_EDS-0001_EXO_JSON.json', '63db356a392d26977c73b0a568c12ff1759c8fad6d3f33f2826dde3e581836bd', 2025, 10, NULL, '0.4', 'monthly', 'valid', NULL, NULL, '2025-11-06 04:16:29'),
(219, 9, NULL, 79, 'M_DB7FC62A-A78C-40DB-A0A6-604934742B2C_EUDA6102253H2_BST190514UC4_2025-10-31_EDS-0001_EXO_JSON.json', 'b047c13ddfbd46eb789b3f43f5bd3b4a3f0fa0787ae7636507a6d9640f787e90', 2025, 10, NULL, '0.4', 'monthly', 'valid', NULL, NULL, '2025-11-06 11:19:54'),
(220, 9, NULL, 80, 'M_446E1F4F-7749-4256-A67B-BBEF6186D33E_SCO6808208F0_BST190514UC4_2025-10-31_EDS-0001_EXO_JSON.json', 'c5217995da8511fff8138dd28b14db1b4ae0d2a676950bfaec5e0cb50c91c5fe', 2025, 10, NULL, '4.0', 'monthly', 'valid', NULL, NULL, '2025-11-07 18:29:42'),
(221, 9, NULL, 81, 'M_FE5B85DF-0EE1-4984-A398-A1A8CED8A43F_SPH900131IFA_BST190514UC4_2025-10-31_EDS-0001_EXO_JSON.json', '0415b242323827363bed46ce67de1fe8f997757b1024f0fd63d5cd9a03916ba3', 2025, 10, NULL, '4.0', 'monthly', 'valid', NULL, NULL, '2025-11-07 19:24:47'),
(222, 17, NULL, 82, 'M_FA8197C0-F6DA-4459-A96C-114939DEC448_PEMA441202AN4_BST190514UC4_2025-10-31_EDS-0001_EXO_JSON.json', '35790a82b23d5a3cbc0fb10dc4d0a1a24f0beaaf07a8f83d5c9a2e642ac0f374', 2025, 10, NULL, '0.4', 'monthly', 'valid', NULL, NULL, '2025-11-07 23:26:34'),
(223, 9, NULL, 42, 'M_593B98CC-1F85-463B-8B72-18F768F196C8_ESG1111169B7_BST190514UC4_2025-10-31_EDS-0001_EXO_JSON.json', 'f3412c180beef0c634f05d7b964519a202ada743a70aadf0b17c180e91bf628a', 2025, 10, NULL, '0.4', 'monthly', 'valid', NULL, NULL, '2025-11-08 06:30:03'),
(224, 9, NULL, 83, 'M_A9D4BBB3-71BD-4B3D-A88F-C8D9F1DFBD31_GAT2302104W1_BST190514UC4_2025-10-31_EDS-0001_EXO_JSON.json', '4f28992c41b464a3f94c1959a930c83261236186f3f26fc2faa83587ed8ba337', 2025, 10, NULL, '0.4', 'monthly', 'valid', NULL, NULL, '2025-11-08 18:33:03'),
(225, 9, NULL, 84, 'M_7CAD7736-3A1B-45AA-8D80-C194A4CB47F0_GURG5502065E9_BST190514UC4_2025-10-31_EDS-0001_EXO_JSON.json', '81accb1084994392552fc3d6d26eeb2ea23d443eda75bc83106e80e420e2dcb3', 2025, 10, NULL, '0.4', 'monthly', 'valid', NULL, NULL, '2025-11-08 22:18:08'),
(226, 3, NULL, 85, 'M_5A5EE71D-C03A-46BC-8AF3-26C0B874D093_SOM1011058Z1_BST190514UC4_2025-10-31_EDS-0001_EXO_JSON.json', '8a29216700b4fc220e15abae3d4688f2001eea961f729f164d7691c81add9d69', 2025, 10, NULL, '0.4', 'monthly', 'valid', NULL, NULL, '2025-11-11 23:33:52'),
(227, 11, NULL, 86, 'M_E6A589CB-A909-42CB-812A-7E7FACD748DB_SAZ221104U91_BST190514UC4_2025-10-31_EDS-0001_EXO_JSON.json', 'a51569567f3f50d4dc45f5311c4c052454ea5566c96161531e932c7149a99521', 2025, 10, NULL, '0.4', 'monthly', 'valid', NULL, NULL, '2025-11-12 05:30:29'),
(228, 11, NULL, 86, 'M_FCA6E8D1-90E3-4035-ACC9-5A9E9B8734FE_SAZ221104U91_BST190514UC4_2025-09-30_EDS-0001_EXO_JSON.json', '4bde57913b70bcb68695c6f95791aca81bc558e74e22c8d6895f81d15a34c213', 2025, 9, NULL, '0.4', 'monthly', 'valid', NULL, NULL, '2025-11-12 05:48:12'),
(229, 11, NULL, 86, 'M_DD144B83-62DD-4899-ABE0-B2594D98D1B3_SAZ221104U91_BST190514UC4_2025-08-31_EDS-0001_EXO_JSON.json', '63e3f29ff38a1b96a87734e15b62af88e609042ad88a234c0bf5e873bc1b707d', 2025, 8, NULL, '0.4', 'monthly', 'valid', NULL, NULL, '2025-11-12 06:05:37'),
(230, 11, NULL, 86, 'M_6792A859-B920-4A1A-AB0A-51F3378CF8BC_SAZ221104U91_BST190514UC4_2025-07-31_EDS-0001_EXO_JSON.json', 'f2c90e1d123613b435df11bebccfca131ead171493de4327201e201b1715451a', 2025, 7, NULL, '0.4', 'monthly', 'valid', NULL, NULL, '2025-11-12 06:11:16'),
(231, 11, NULL, 87, 'M_2BC1C793-9276-4742-9B08-B9BB7F0DF901_AHI030314UP1_BST190514UC4_2025-10-31_EDS-0001_EXO_JSON.json', '34d5f3e7c01ed6b91d7da20eb52679576f2ba620a4fb4ed2b2c43b99a3c23e3f', 2025, 10, NULL, '0.4', 'monthly', 'valid', NULL, NULL, '2025-11-12 06:31:34'),
(232, 11, NULL, 87, 'M_956099A3-9B7E-4355-877E-34C12B13D502_AHI030314UP1_BST190514UC4_2025-09-30_EDS-0001_EXO_JSON.json', '9fdc68374b2846ac69a67a9d6bde2768e4769ac746830ac599564359cc74322d', 2025, 9, NULL, '0.4', 'monthly', 'valid', NULL, NULL, '2025-11-12 06:34:47'),
(233, 11, NULL, 87, 'M_7446B821-4189-4BA2-A350-ABF473FB651C_AHI030314UP1_BST190514UC4_2025-08-31_EDS-0001_EXO_JSON.json', 'd126dc1d4bd6fe5e1ca271a38bdf358d69dcaf249b755e0fedb2b19b5167c6c3', 2025, 8, NULL, '0.4', 'monthly', 'valid', NULL, NULL, '2025-11-12 06:41:42'),
(234, 3, NULL, 88, 'M_76C79E51-1956-417E-9BC2-8552A8A6B741_SGR9601294J2_BST190514UC4_2025-10-31_EDS-0001_EXO_JSON.json', '927e7f3d115724696738881c9454f24b87f9cc9c62717de7937cb16772d9a58c', 2025, 10, NULL, '4.0', 'monthly', 'valid', NULL, NULL, '2025-11-13 18:27:23'),
(235, 3, NULL, 36, 'M_7B4F84D5-53BB-4BE7-A973-E2A0C81F33EE_CTU020612RU9_BST190514UC4_2025-10-31_EDS-0001_EXO_JSON.json', 'f63b64a558818d68749b4cadc2b678987f79b490d7b0837279d07b3ee74e6065', 2025, 10, NULL, '0.4', 'monthly', 'valid', NULL, NULL, '2025-11-14 17:41:21'),
(236, 12, NULL, 27, 'M_5EFAD8E5-0F43-49C4-8FE0-CC3DEFE914BD_CTU020612RU9_BST190514UC4_2025-10-31_EDS-0001_EXO_JSON.json', 'ec3886b7baddf3f1242386d980756523c58e0f0a019368c5af03f8b4d6a3fa51', 2025, 10, NULL, '0.4', 'monthly', 'valid', NULL, NULL, '2025-11-14 19:10:22'),
(237, 3, NULL, 36, 'M_5EFAD8E5-0F43-49C4-8FE0-CC3DEFE914BD_CTU020612RU9_BST190514UC4_2025-10-31_EDS-0001_EXO_JSON.json', 'ec3886b7baddf3f1242386d980756523c58e0f0a019368c5af03f8b4d6a3fa51', 2025, 10, NULL, '0.4', 'monthly', 'valid', NULL, NULL, '2025-11-14 19:22:45'),
(238, 11, NULL, 89, 'M_1955C1D5-6552-41F6-991B-F7FEF1957E3F_SCD230523LG7_BST190514UC4_2025-10-31_EDS-0001_EXO_JSON.json', '9b83502f4899a85ba2c324b85ee9c5290119eb6a3d0033c4c834e330cb2ab858', 2025, 10, NULL, '0.4', 'monthly', 'valid', NULL, NULL, '2025-11-20 17:10:08'),
(241, 10, NULL, 75, 'M_652AF502-8F6B-480C-9A3B-738030024C39_GLC020311PL1_BST190514UC4_2025-10-31_EDS-0001_EXO_JSON.json', '4a911ef8d653f9871558fc4b1fb9950387a51d4962d95e6740f3251452ed6a16', 2025, 10, NULL, '0.4', 'monthly', 'valid', NULL, NULL, '2025-11-20 20:08:13'),
(242, 10, NULL, 90, 'M_DCE63B8D-04F6-4FE0-86E9-796CF849A25A_DPM0106181V7_BST190514UC4_2025-10-31_EDS-0001_EXO_JSON.json', '83dfcf44208f22d8e9b05ed37c6b207faf5edf8654ded691465cff6fa0a7a1e1', 2025, 10, NULL, '4.0', 'monthly', 'valid', NULL, NULL, '2025-11-20 20:09:30'),
(243, 11, NULL, 91, 'M_38D8FAC1-FAE2-4798-8933-ED61ADE27A62_PAME550203G55_BST190514UC4_2025-10-31_EDS-0001_EXO_JSON.json', 'c1456eecbba457bc608a1f26594fc384d033b466e6ede45a66fa781ddf27f722', 2025, 10, NULL, '4.0', 'monthly', 'valid', NULL, NULL, '2025-11-22 20:07:55'),
(244, 3, NULL, 56, 'M_99D82192-1FDD-4545-B0AB-DED7DAE9D340_CGA1401288Y5_BST190514UC4_2025-10-31_EDS-0001_EXO_JSON.json', '9e6b6dd20a4379ec8fe8d1fd1567c44ee06b2eb09001af105426610afc06dd67', 2025, 10, NULL, '0.4', 'monthly', 'valid', NULL, NULL, '2025-11-23 05:14:50'),
(245, 3, NULL, 88, 'M_1465EFD1-7A73-46AD-ADAB-CDAEB819E601_SGR9601294J2_BST190514UC4_2025-09-30_EDS-0001_EXO_JSON.json', '7031fb935cffe23dd0ded65229a795d9021bae893af9717304713dec4ac3e04d', 2025, 9, NULL, '4.0', 'monthly', 'valid', NULL, NULL, '2025-11-25 23:10:15'),
(246, 3, NULL, 92, 'M_E78F50F1-D7C6-4C21-A788-1184CB7B11A9_AJI160516C45_BST190514UC4_2025-10-31_EDS-0001_EXO_JSON.json', '3526429801d2511fb3344778dea52014fa7dd1ed5b58692a4506ed5fcb10cdb7', 2025, 10, NULL, '0.4', 'monthly', 'valid', NULL, NULL, '2025-11-27 17:56:09'),
(247, 15, NULL, 34, 'M_2DB4154A-6794-4A17-93AB-B269B2D0A62F_EMC170704HX1_BST190514UC4_2025-08-31_CMN-0001_CMN_JSON.json', '4ed92dd4b7e0fdf923f2e7fbe4b2651f9050a0764d4e66ffcc1eb605972e60fa', 2025, 8, NULL, '0.4', 'monthly', 'warning', NULL, NULL, '2025-12-01 22:14:17'),
(248, 11, NULL, 86, 'M_BFCB63BA-5CD7-46C9-B922-F2CFFE4F4EDE_SAZ221104U91_BST190514UC4_2025-11-30_EDS-0001_EXO_JSON.json', '3ea78414c247aa5dd9c55d14b7f3811ee1bf660b8d9d775202ac4e1507b1ed20', 2025, 11, NULL, '0.4', 'monthly', 'valid', NULL, NULL, '2025-12-02 22:34:21'),
(249, 11, NULL, 63, 'M_2536516F-D54E-42D3-AC86-F1AA3C7D191F_ESA010626556_BST190514UC4_2025-11-30_EDS-0001_EXO_JSON.json', 'e0d9c7ab6a0b86faf5f06c4cd8bca426b873e286ee57f5438722ff100078196e', 2025, 11, NULL, '0.4', 'monthly', 'valid', NULL, NULL, '2025-12-02 22:39:14'),
(250, 11, NULL, 16, 'M_C26A349F-A0CB-4B85-8E92-96B656B18E16_SOM1011058Z1_BST190514UC4_2025-11-30_EDS-0001_EXO_JSON.json', 'd1c404e8de0ec6a22357c7858dc8d94f98aef21608f1f3605ebb5807d5f2a74f', 2025, 11, NULL, '0.4', 'monthly', 'valid', NULL, NULL, '2025-12-02 22:47:38'),
(253, 11, NULL, 14, 'M_564B5BA6-E997-492B-91D6-002C8736D25B_SMA081016LR7_BST190514UC4_2025-11-30_EDS-0001_EXO_JSON.json', 'bd03d9f07d1c2cc9b559c9538bc48b525da1825683c274713623b9a9b11f48d2', 2025, 11, NULL, '0.4', 'monthly', 'valid', NULL, NULL, '2025-12-02 22:57:45'),
(255, 11, NULL, 93, 'M_30948748-FCCC-4C16-A60D-86680A37BC8D_ESA010626556_BST190514UC4_2025-11-30_EDS-0001_EXO_JSON.json', '80857ea8adefa346d063ba968922fb7fff61e3d227260947b474dfad445be555', 2025, 11, NULL, '0.4', 'monthly', 'valid', NULL, NULL, '2025-12-02 23:01:51'),
(256, 11, NULL, 94, 'M_AF9ED057-879F-4EC3-BFE1-7132D9138349_SCO0204088SA_BST190514UC4_2025-11-30_EDS-0001_EXO_JSON.json', '01b06f542b4ae180d4af7ae640b2652566500dabb104cdefea739b4015d8fa02', 2025, 11, NULL, '0.4', 'monthly', 'valid', NULL, NULL, '2025-12-02 23:08:38'),
(257, 11, NULL, 95, 'M_95242E28-07E3-4CE0-AFB8-700C0E1858FD_CSF970110GP0_BST190514UC4_2025-11-30_EDS-0001_EXO_JSON.json', '4cc0bdc89b49242387e019b8f43d553b9f7a37fdb9a6645637fe1ecfe25b3545', 2025, 11, NULL, '0.4', 'monthly', 'valid', NULL, NULL, '2025-12-02 23:12:52'),
(258, 11, NULL, 18, 'M_B79C533A-FEA6-4886-B81F-01D6E67FAFC9_AJI160516C45_BST190514UC4_2025-11-30_EDS-0001_EXO_JSON.json', 'd8c4ab4cb81946d1948bb81a623b9fd0de4e570cc39ceaa6ebbb03656263c3f6', 2025, 11, NULL, '0.4', 'monthly', 'valid', NULL, NULL, '2025-12-02 23:34:54'),
(259, 11, NULL, 20, 'M_B37AD581-D9AA-4DD8-AF79-619FFCEE2CD8_EST131107R12_BST190514UC4_2025-11-30_EDS-0001_EXO_JSON.json', 'e32f14a95b6d81dcf8f981f3f74eb6184900b94802650f25c775d31141ae30d8', 2025, 11, NULL, '4.0', 'monthly', 'valid', NULL, NULL, '2025-12-04 14:29:08'),
(260, 11, NULL, 96, 'M_E278AF48-E781-4D9B-8C82-A30C3530801A_ENE191202IX4_BST190514UC4_2025-11-30_EDS-0001_EXO_JSON.json', '1f3197beca33810063d38b6a1752005c0b696e9118afbf2a1e1bd147a18fc7ea', 2025, 11, NULL, '0.4', 'monthly', 'valid', NULL, NULL, '2025-12-04 14:35:25'),
(261, 11, NULL, 97, 'M_5A742DD7-E89B-4B9B-95C5-E7661B6C0DE9_SAD130403LE3_BST190514UC4_2025-11-30_EDS-0001_EXO_JSON.json', 'db9f7f9a5dd55d1196367c165ddd6a5f1e975cafde53fd3db552018472d2528d', 2025, 11, NULL, '0.4', 'monthly', 'valid', NULL, NULL, '2025-12-04 14:37:43'),
(262, 11, NULL, 98, 'M_AC620D81-F86C-4EC3-89AF-C1A7899EEE87_CSF970110GP0_BST190514UC4_2025-11-30_EDS-0001_EXO_JSON.json', '7cd3c9e13c040419ef23fa21e576183f5bd5a64b734bbf04d61e41b7d84b4cfd', 2025, 11, NULL, '0.4', 'monthly', 'valid', NULL, NULL, '2025-12-04 14:46:52'),
(263, 11, NULL, 89, 'M_CDD06943-A102-495D-920C-E821F2C20976_SCD230523LG7_BST190514UC4_2025-11-30_EDS-0001_EXO_JSON.json', 'dcd9470dc55ebee7e1feeac0db9cbdfb99a4794dc5a992ca86e0d31a3d45986a', 2025, 11, NULL, '0.4', 'monthly', 'valid', NULL, NULL, '2025-12-04 17:12:09'),
(264, 11, NULL, 15, 'M_EC04BE6D-F1DD-44DB-A5AB-F1ABBC99D53D_ESA010626556_BST190514UC4_2025-11-30_EDS-0001_EXO_JSON.json', '91a1edbecf84301af65243f2cadb65f2ad7fdf2a124134b49f54e4ac1bda1893', 2025, 11, NULL, '0.4', 'monthly', 'valid', NULL, NULL, '2025-12-04 17:19:38'),
(265, 11, NULL, 19, 'M_FC9077AC-9E71-4C24-9D03-E43A3FEEB915_CTU020612RU9_BST190514UC4_2025-11-30_EDS-0001_EXO_JSON.json', '334bd7374558d140eb69051b40b5f00eb0aa89fa83099a0cab834eec11371d65', 2025, 11, NULL, '0.4', 'monthly', 'valid', NULL, NULL, '2025-12-04 17:28:38'),
(266, 11, NULL, 17, 'M_BF6B9018-06B7-43CD-A7B6-A0F910491301_SAD130403LE3_BST190514UC4_2025-11-30_EDS-0001_EXO_JSON.json', 'a80c8ac0a6cab26517e970d489b81b4ae64d81bf43792788bd162b74ba8ae01f', 2025, 11, NULL, '0.4', 'monthly', 'valid', NULL, NULL, '2025-12-05 00:57:14');

-- --------------------------------------------------------

--
-- Estructura de tabla para la tabla `upload_products`
--

CREATE TABLE `upload_products` (
  `id` bigint NOT NULL,
  `upload_id` bigint NOT NULL,
  `product_code` varchar(10) COLLATE utf8mb4_unicode_ci NOT NULL,
  `subproduct_code` varchar(10) COLLATE utf8mb4_unicode_ci DEFAULT NULL,
  `brand` varchar(120) COLLATE utf8mb4_unicode_ci DEFAULT NULL,
  `existencia_ini_l` decimal(14,3) DEFAULT NULL,
  `vol_recepcion_l` decimal(14,3) NOT NULL DEFAULT '0.000',
  `imp_recepcion_mxn` decimal(14,2) NOT NULL DEFAULT '0.00',
  `recepciones_count` int NOT NULL DEFAULT '0',
  `recepciones_docs` int NOT NULL DEFAULT '0',
  `vol_entrega_l` decimal(14,3) NOT NULL DEFAULT '0.000',
  `imp_entrega_mxn` decimal(14,2) NOT NULL DEFAULT '0.00',
  `existencia_fin_l` decimal(14,3) NOT NULL DEFAULT '0.000',
  `created_at` timestamp NULL DEFAULT CURRENT_TIMESTAMP
) ENGINE=InnoDB DEFAULT CHARSET=utf8mb4 COLLATE=utf8mb4_unicode_ci;

--
-- Volcado de datos para la tabla `upload_products`
--

INSERT INTO `upload_products` (`id`, `upload_id`, `product_code`, `subproduct_code`, `brand`, `existencia_ini_l`, `vol_recepcion_l`, `imp_recepcion_mxn`, `recepciones_count`, `recepciones_docs`, `vol_entrega_l`, `imp_entrega_mxn`, `existencia_fin_l`, `created_at`) VALUES
(1, 1, 'PR07', 'SP16', 'MAGNA', NULL, 18953.000, 188398.92, 0, 0, 840.325, 19991.33, 0.000, '2025-10-01 19:44:57'),
(2, 1, 'PR07', 'SP17', 'PREMIUM', NULL, 18769.000, 0.00, 0, 0, 188.912, 4720.92, 9476.000, '2025-10-01 19:44:57'),
(3, 1, 'PR03', 'SP18', 'DIESEL', NULL, 28901.000, 201418.41, 0, 0, 164.792, 4249.98, 29624.000, '2025-10-01 19:44:57'),
(4, 2, 'PR03', 'SP18', 'DIESEL', NULL, 30868.000, 635015.51, 0, 0, 36861.114, 972293.54, 13564.000, '2025-10-01 19:51:35'),
(5, 2, 'PR03', 'SP18', 'DIESEL', NULL, 30868.000, 635015.51, 0, 0, 36861.114, 972293.54, 13564.000, '2025-10-01 19:51:35'),
(6, 2, 'PR07', 'SP16', 'ADVANCED', NULL, 210414.000, 4075483.96, 0, 0, 225803.567, 5417027.57, 12619.000, '2025-10-01 19:51:35'),
(7, 2, 'PR07', 'SP17', 'EXCELLIUM', NULL, 17068.000, 344501.41, 0, 0, 17483.518, 455080.37, 15745.000, '2025-10-01 19:51:35'),
(8, 2, 'PR07', 'SP17', 'SUPREME 93', NULL, 17068.000, 344501.41, 0, 0, 17483.518, 455080.37, 15745.000, '2025-10-01 19:51:35'),
(9, 2, 'PR07', 'SP16', 'REGULAR', NULL, 210414.000, 4075483.96, 0, 0, 225803.567, 5417027.57, 12619.000, '2025-10-01 19:51:35'),
(10, 3, 'PR07', 'SP16', 'MAGNA', NULL, 247853.000, 4253398.06, 0, 0, 240409.100, 5733756.79, 34672.000, '2025-10-01 19:58:45'),
(11, 3, 'PR07', 'SP17', 'PREMIUM', NULL, 124909.000, 2488542.95, 0, 0, 118202.073, 3173725.59, 21278.000, '2025-10-01 19:58:45'),
(12, 3, 'PR03', 'SP18', 'DIESEL', NULL, 35047.000, 700998.32, 0, 0, 65273.776, 1765655.48, 5763.000, '2025-10-01 19:58:45'),
(13, 4, 'PR07', 'SP16', 'MAGNA', NULL, 247853.000, 4253398.06, 8, 7, 240409.100, 5733756.79, 34672.000, '2025-10-01 21:24:29'),
(14, 4, 'PR07', 'SP17', 'PREMIUM', NULL, 124909.000, 2488542.95, 4, 4, 118202.073, 3173725.59, 21278.000, '2025-10-01 21:24:29'),
(15, 4, 'PR03', 'SP18', 'DIESEL', NULL, 35047.000, 700998.32, 1, 1, 65273.776, 1765655.48, 5763.000, '2025-10-01 21:24:29'),
(16, 5, 'PR07', 'SP16', 'MAGNA', NULL, 244777.000, 4531755.07, 7, 7, 223795.000, 5337510.77, 49449.000, '2025-10-01 21:55:23'),
(17, 5, 'PR07', 'SP17', 'PREMIUM', NULL, 104692.000, 2070265.76, 3, 3, 107877.783, 2896518.38, 16305.000, '2025-10-01 21:55:23'),
(18, 5, 'PR03', 'SP18', 'DIESEL', NULL, 70252.000, 1456213.26, 2, 2, 48282.852, 1306051.03, 35975.000, '2025-10-01 21:55:23'),
(19, 6, 'PR07', 'SP16', 'MAGNA', 49449.000, 247853.000, 4253398.06, 8, 7, 240409.100, 5733756.79, 34672.000, '2025-10-01 21:56:16'),
(20, 6, 'PR07', 'SP17', 'PREMIUM', 16305.000, 124909.000, 2488542.95, 4, 4, 118202.073, 3173725.59, 21278.000, '2025-10-01 21:56:16'),
(21, 6, 'PR03', 'SP18', 'DIESEL', 35975.000, 35047.000, 700998.32, 1, 1, 65273.776, 1765655.48, 5763.000, '2025-10-01 21:56:16'),
(22, 7, 'PR07', 'SP16', 'MAGNA', NULL, 360292.000, 6862366.64, 12, 13, 398409.533, 9422385.46, 26310.000, '2025-10-02 17:09:02'),
(23, 7, 'PR07', 'SP17', 'PREMIUM', NULL, 111340.000, 2269783.37, 5, 5, 114609.261, 2900114.92, 18396.000, '2025-10-02 17:09:02'),
(24, 7, 'PR03', 'SP18', 'DIESEL', NULL, 101910.000, 2087537.90, 4, 4, 110799.982, 2831375.98, 30871.000, '2025-10-02 17:09:02'),
(25, 8, 'PR07', 'SP16', 'REGULAR MIN. 87 OCTANOS', NULL, 1197484.330, 23727745.88, 68, 49, 0.000, 0.00, 78057.000, '2025-10-02 19:14:28'),
(26, 8, 'PR07', 'SP17', 'PREMIUM MIN. 91 OCTANOS', NULL, 586418.180, 10647445.12, 34, 25, 0.000, 0.00, 56571.000, '2025-10-02 19:14:28'),
(27, 8, 'PR03', 'SP18', 'DIESEL', NULL, 1459041.520, 29189526.02, 70, 57, 0.000, 0.00, 89329.000, '2025-10-02 19:14:28'),
(28, 8, 'PR07', 'SP16', 'G-SUPER', NULL, 1197484.330, 23727745.88, 68, 49, 0.000, 0.00, 78057.000, '2025-10-02 19:14:28'),
(29, 8, 'PR07', 'SP17', 'G-PREMIUM', NULL, 586418.180, 10647445.12, 34, 25, 0.000, 0.00, 56571.000, '2025-10-02 19:14:28'),
(30, 8, 'PR03', 'SP18', 'G-DIESEL', NULL, 1459041.520, 29189526.02, 70, 57, 0.000, 0.00, 89329.000, '2025-10-02 19:14:28'),
(31, 9, 'PR07', 'SP16', 'REGULAR MIN. 87 OCTANOS', 78057.000, 1313261.870, 22862340.98, 49, 38, 116413.494, 2594859.11, 58950.000, '2025-10-02 19:15:43'),
(32, 9, 'PR07', 'SP17', 'PREMIUM MIN. 91 OCTANOS', 56571.000, 586391.850, 11173020.42, 30, 21, 46900.323, 1120447.91, 23653.000, '2025-10-02 19:15:43'),
(33, 9, 'PR03', 'SP18', 'DIESEL', 89329.000, 1550421.460, 30008520.33, 62, 49, 135051.691, 3320918.86, 14235.000, '2025-10-02 19:15:43'),
(34, 9, 'PR07', 'SP16', 'G-SUPER', 78057.000, 1313261.870, 22862340.98, 49, 38, 116413.494, 2594859.11, 58950.000, '2025-10-02 19:15:43'),
(35, 9, 'PR07', 'SP17', 'G-PREMIUM', 56571.000, 586391.850, 11173020.42, 30, 21, 46900.323, 1120447.91, 23653.000, '2025-10-02 19:15:43'),
(36, 9, 'PR03', 'SP18', 'G-DIESEL', 89329.000, 1550421.460, 30008520.33, 62, 49, 135051.691, 3320918.86, 14235.000, '2025-10-02 19:15:43'),
(37, 10, 'PR07', 'SP16', 'REGULAR MIN. 87 OCTANOS', 58950.000, 1236018.285, 23094742.45, 43, 38, 202684.503, 4517841.62, 45345.000, '2025-10-02 19:15:57'),
(38, 10, 'PR07', 'SP17', 'PREMIUM MIN. 91 OCTANOS', 23653.000, 573017.071, 11878013.23, 25, 20, 96018.988, 2274689.89, 13244.000, '2025-10-02 19:15:57'),
(39, 10, 'PR03', 'SP18', 'DIESEL', 14235.000, 2037796.070, 34020298.66, 61, 55, 214023.540, 5241432.43, 65659.000, '2025-10-02 19:15:57'),
(40, 10, 'PR07', 'SP16', 'G-SUPER', 58950.000, 1236018.285, 23094742.45, 43, 38, 202684.503, 4517841.62, 45345.000, '2025-10-02 19:15:57'),
(41, 10, 'PR07', 'SP17', 'G-PREMIUM', 23653.000, 573017.071, 11878013.23, 25, 20, 96018.988, 2274689.89, 13244.000, '2025-10-02 19:15:57'),
(42, 10, 'PR03', 'SP18', 'G-DIESEL', 14235.000, 2037796.070, 34020298.66, 61, 55, 214023.540, 5241432.43, 65659.000, '2025-10-02 19:15:57'),
(49, 12, 'PR07', 'SP16', 'REGULAR MIN. 87 OCTANOS', 78057.000, 1192585.717, 22533122.36, 39, 39, 1230195.071, 27687163.67, 65032.000, '2025-10-02 19:16:16'),
(50, 12, 'PR07', 'SP17', 'PREMIUM MIN. 91 OCTANOS', 56571.000, 473578.010, 9087783.13, 18, 18, 499360.478, 11973155.12, 32427.000, '2025-10-02 19:16:16'),
(51, 12, 'PR03', 'SP18', 'DIESEL', 89329.000, 1364729.480, 26071280.39, 50, 50, 1376281.147, 33269854.94, 75972.000, '2025-10-02 19:16:16'),
(52, 12, 'PR07', 'SP16', 'G-SUPER', 78057.000, 1192585.717, 22533122.36, 39, 39, 1230195.071, 27687163.67, 65032.000, '2025-10-02 19:16:16'),
(53, 12, 'PR07', 'SP17', 'G-PREMIUM', 56571.000, 473578.010, 9087783.13, 18, 18, 499360.478, 11973155.12, 32427.000, '2025-10-02 19:16:16'),
(54, 12, 'PR03', 'SP18', 'G-DIESEL', 89329.000, 1364729.480, 26071280.39, 50, 50, 1376281.147, 33269854.94, 75972.000, '2025-10-02 19:16:16'),
(55, 13, 'PR07', 'SP16', 'REGULAR MIN. 87 OCTANOS', NULL, 1591588.702, 26900758.96, 64, 63, 0.000, 0.00, 89799.000, '2025-10-02 20:08:13'),
(56, 13, 'PR07', 'SP17', 'PREMIUM MIN. 91 OCTANOS', NULL, 696093.390, 13785919.74, 34, 34, 0.000, 0.00, 35112.000, '2025-10-02 20:08:13'),
(57, 13, 'PR03', 'SP18', 'DIESEL', NULL, 6187335.358, 41228352.33, 78, 78, 0.000, 0.00, 78607.000, '2025-10-02 20:08:13'),
(64, 15, 'PR07', 'SP16', 'REGULAR MIN. 87 OCTANOS', 89799.000, 0.000, 0.00, 0, 0, 0.000, 0.00, 89799.000, '2025-10-02 21:17:31'),
(65, 15, 'PR07', 'SP17', 'PREMIUM MIN. 91 OCTANOS', 35112.000, 0.000, 0.00, 0, 0, 0.000, 0.00, 35112.000, '2025-10-02 21:17:31'),
(66, 15, 'PR03', 'SP18', 'DIESEL', 78607.000, 0.000, 0.00, 0, 0, 0.000, 0.00, 78607.000, '2025-10-02 21:17:31'),
(67, 15, 'PR07', 'SP16', 'G-SUPER', 89799.000, 0.000, 0.00, 0, 0, 0.000, 0.00, 89799.000, '2025-10-02 21:17:31'),
(68, 15, 'PR07', 'SP17', 'G-PREMIUM', 35112.000, 0.000, 0.00, 0, 0, 0.000, 0.00, 35112.000, '2025-10-02 21:17:31'),
(69, 15, 'PR03', 'SP18', 'G-DIESEL', 78607.000, 0.000, 0.00, 0, 0, 0.000, 0.00, 78607.000, '2025-10-02 21:17:31'),
(88, 22, 'PR07', 'SP16', 'REGULAR MIN. 87 OCTANOS', NULL, 1591588.702, 26900758.96, 64, 63, 0.000, 0.00, 89799.000, '2025-10-03 14:34:30'),
(89, 22, 'PR07', 'SP17', 'PREMIUM MIN. 91 OCTANOS', NULL, 696093.390, 13785919.74, 34, 34, 0.000, 0.00, 35112.000, '2025-10-03 14:34:30'),
(90, 22, 'PR03', 'SP18', 'DIESEL', NULL, 6187335.358, 41228352.33, 78, 78, 0.000, 0.00, 78607.000, '2025-10-03 14:34:30'),
(91, 23, 'PR07', 'SP16', 'MAGNA', NULL, 90781.000, 1694976.45, 3, 3, 83679.321, 2007451.57, 21353.000, '2025-10-03 16:27:51'),
(92, 23, 'PR07', 'SP17', 'PREMIUM', NULL, 91377.000, 1831184.33, 4, 4, 91099.839, 2431455.15, 12259.000, '2025-10-03 16:27:51'),
(93, 23, 'PR03', 'SP18', 'DIESEL', NULL, 43374.000, 894130.96, 2, 2, 49832.586, 1355446.35, 17190.000, '2025-10-03 16:27:51'),
(94, 24, 'PR07', 'SP16', 'REGULAR MIN. 87 OCTANOS', NULL, 0.000, 0.00, 0, 0, 0.000, 0.00, 89799.000, '2025-10-03 16:28:10'),
(95, 24, 'PR07', 'SP17', 'PREMIUM MIN. 91 OCTANOS', NULL, 0.000, 0.00, 0, 0, 0.000, 0.00, 35112.000, '2025-10-03 16:28:10'),
(96, 24, 'PR03', 'SP18', 'DIESEL', NULL, 0.000, 0.00, 0, 0, 0.000, 0.00, 78607.000, '2025-10-03 16:28:10'),
(97, 26, 'PR07', 'SP16', 'REGULAR MIN. 87 OCTANOS', NULL, 1591588.702, 26900758.96, 64, 63, 0.000, 0.00, 89799.000, '2025-10-03 16:29:02'),
(98, 26, 'PR07', 'SP17', 'PREMIUM MIN. 91 OCTANOS', NULL, 696093.390, 13785919.74, 34, 34, 0.000, 0.00, 35112.000, '2025-10-03 16:29:02'),
(99, 26, 'PR03', 'SP18', 'DIESEL', NULL, 6187335.358, 41228352.33, 78, 78, 0.000, 0.00, 78607.000, '2025-10-03 16:29:02'),
(100, 27, 'PR07', 'SP16', 'MAGNA', NULL, 233122.000, 4396804.31, 13, 13, 0.000, 0.00, 2086.000, '2025-10-03 18:36:41'),
(101, 27, 'PR07', 'SP17', 'PREMIUM', NULL, 53365.000, 1104648.51, 3, 3, 0.000, 0.00, 17540.000, '2025-10-03 18:36:41'),
(102, 27, 'PR03', 'SP18', 'DIESEL', NULL, 106874.000, 1912715.01, 6, 6, 0.000, 0.00, 17884.000, '2025-10-03 18:36:41'),
(103, 28, 'PR07', 'SP16', 'ADVANCED', NULL, 85888.000, 1795102.99, 7, 7, 0.000, 0.00, 5305.000, '2025-10-03 18:46:20'),
(104, 28, 'PR07', 'SP17', 'EXCELLIUM', NULL, 24258.000, 507178.00, 2, 2, 0.000, 0.00, 8747.000, '2025-10-03 18:46:20'),
(105, 28, 'PR03', 'SP18', 'DIESEL', NULL, 94178.000, 2034671.05, 5, 5, 0.000, 0.00, 5900.000, '2025-10-03 18:46:20'),
(106, 28, 'PR07', 'SP17', 'SUPREME 93', NULL, 24258.000, 507178.00, 2, 2, 0.000, 0.00, 8747.000, '2025-10-03 18:46:20'),
(107, 28, 'PR07', 'SP16', 'REGULAR', NULL, 85888.000, 1795102.99, 7, 7, 0.000, 0.00, 5305.000, '2025-10-03 18:46:20'),
(108, 29, 'PR07', 'SP16', 'MAGNA', NULL, 233122.000, 4396804.31, 13, 13, 239592.810, 5723871.35, 2086.000, '2025-10-03 19:19:35'),
(109, 29, 'PR07', 'SP17', 'PREMIUM', NULL, 53365.000, 1104648.51, 3, 3, 47133.232, 1177859.51, 17540.000, '2025-10-03 19:19:35'),
(110, 29, 'PR03', 'SP18', 'DIESEL', NULL, 106874.000, 1912715.01, 6, 6, 106629.650, 2781966.49, 17884.000, '2025-10-03 19:19:35'),
(111, 30, 'PR07', 'SP16', 'ADVANCED', NULL, 85888.000, 1795102.99, 7, 7, 111648.970, 2678459.03, 5305.000, '2025-10-04 04:04:21'),
(112, 30, 'PR07', 'SP17', 'EXCELLIUM', NULL, 24258.000, 507178.00, 2, 2, 24414.665, 615005.44, 8747.000, '2025-10-04 04:04:21'),
(113, 30, 'PR03', 'SP18', 'DIESEL', NULL, 94178.000, 2034671.05, 5, 5, 119178.964, 3145133.15, 5900.000, '2025-10-04 04:04:21'),
(114, 30, 'PR07', 'SP17', 'SUPREME 93', NULL, 24258.000, 507178.00, 2, 2, 24414.665, 615005.44, 8747.000, '2025-10-04 04:04:21'),
(115, 30, 'PR07', 'SP16', 'REGULAR', NULL, 85888.000, 1795102.99, 7, 7, 111648.970, 2678459.03, 5305.000, '2025-10-04 04:04:21'),
(119, 32, 'PR07', 'SP16', 'MAGNA', NULL, 119803.000, 2232297.33, 5, 5, 94128.848, 2258151.22, 34760.000, '2025-10-04 21:48:22'),
(120, 32, 'PR07', 'SP17', 'PREMIUM', NULL, 91109.000, 1809175.92, 4, 4, 63159.809, 1685735.77, 37811.000, '2025-10-04 21:48:22'),
(121, 32, 'PR03', 'SP18', 'DIESEL', NULL, 40945.000, 824365.92, 2, 2, 37530.341, 1020825.27, 20280.000, '2025-10-04 21:48:22'),
(122, 33, 'PR07', 'SP16', 'MAGNA', NULL, 189982.000, 3565865.32, 7, 7, 176406.670, 4231996.35, 24190.000, '2025-10-04 21:48:37'),
(123, 33, 'PR07', 'SP17', 'PREMIUM', NULL, 120934.000, 2521954.75, 5, 5, 113811.488, 3037630.03, 36388.000, '2025-10-04 21:48:37'),
(124, 33, 'PR03', 'SP18', 'DIESEL', NULL, 20206.000, 406094.69, 1, 1, 17981.339, 489991.49, 17020.000, '2025-10-04 21:48:37'),
(125, 34, 'PR07', 'SP16', 'MAGNA', NULL, 99868.000, 1873129.42, 5, 5, 81806.425, 1962536.26, 22657.000, '2025-10-04 21:52:51'),
(126, 34, 'PR07', 'SP17', 'PREMIUM', NULL, 99349.000, 2013580.89, 5, 5, 95282.297, 2533556.46, 23369.000, '2025-10-04 21:52:51'),
(127, 35, 'PR07', 'SP16', 'MAGNA', NULL, 95231.000, 1698384.37, 3, 3, 82395.680, 1976672.56, 37545.000, '2025-10-04 21:56:05'),
(128, 35, 'PR07', 'SP17', 'PREMIUM', NULL, 72601.000, 1691155.99, 3, 3, 72293.257, 1907764.36, 11726.000, '2025-10-04 21:56:05'),
(129, 35, 'PR03', 'SP18', 'DIESEL', NULL, 103002.000, 2051838.11, 5, 5, 111702.743, 3038314.61, 13795.000, '2025-10-04 21:56:05'),
(130, 36, 'PR03', 'SP18', 'DIESEL', NULL, 74587.000, 1564964.38, 5, 5, 76530.698, 1989032.06, 22856.000, '2025-10-04 22:47:10'),
(131, 36, 'PR07', 'SP16', 'EXTRA', NULL, 290088.550, 5702106.44, 16, 24, 275174.488, 6507878.60, 30135.000, '2025-10-04 22:47:10'),
(132, 36, 'PR07', 'SP17', 'SUPREME', NULL, 113676.330, 2354285.29, 8, 8, 92605.358, 2301243.87, 25544.000, '2025-10-04 22:47:10'),
(133, 37, 'PR07', 'SP16', 'SUPER', NULL, 183109.000, 3428379.79, 8, 8, 31955.039, 744232.86, 16624.000, '2025-10-04 22:52:43'),
(134, 37, 'PR07', 'SP17', 'V-POWER', NULL, 45723.000, 872908.99, 2, 2, 8448.756, 207754.92, 15163.000, '2025-10-04 22:52:43'),
(135, 37, 'PR03', 'SP18', 'DIESEL', NULL, 14727.000, 306060.26, 1, 1, 0.000, 0.00, 11158.000, '2025-10-04 22:52:43'),
(136, 38, 'PR07', 'SP16', 'MAGNA', NULL, 95457.000, 1819186.48, 4, 4, 88117.314, 2113913.58, 56567.000, '2025-10-04 22:56:53'),
(137, 38, 'PR07', 'SP17', 'PREMIUM', NULL, 144372.000, 2944641.70, 6, 6, 141745.562, 3770423.70, 14656.000, '2025-10-04 22:56:53'),
(138, 38, 'PR03', 'SP18', 'DIESEL', NULL, 48414.000, 1000142.69, 2, 2, 34327.249, 950521.42, 50291.000, '2025-10-04 22:56:53'),
(170, 49, 'PR07', 'SP16', 'REGULAR MIN. 87 OCTANOS', NULL, 681871.426, 11373082.51, 39, 21, 58674.896, 1307883.91, 74374.000, '2025-10-06 22:14:53'),
(171, 49, 'PR07', 'SP17', 'PREMIUM MIN. 91 OCTANOS', NULL, 233822.030, 4398312.31, 17, 11, 14210.547, 339489.71, 20066.000, '2025-10-06 22:14:53'),
(172, 49, 'PR03', 'SP18', 'DIESEL', NULL, 888606.560, 16740729.95, 41, 28, 74155.246, 1816060.69, 63511.000, '2025-10-06 22:14:53'),
(173, 50, 'PR07', 'SP16', 'SUPER', NULL, 208151.000, 3805608.03, 7, 7, 200343.753, 4666006.01, 15976.000, '2025-10-07 00:04:27'),
(174, 50, 'PR07', 'SP17', 'V-POWER', NULL, 31105.000, 570179.07, 1, 1, 31074.746, 757285.56, 17634.000, '2025-10-07 00:04:27'),
(175, 50, 'PR03', 'SP18', 'DIESEL', NULL, 0.000, 0.00, 0, 0, 0.000, 0.00, 1450.000, '2025-10-07 00:04:27'),
(176, 51, 'PR07', 'SP16', 'SUPER', NULL, 179419.000, 3284064.94, 7, 6, 0.000, 0.00, 10201.000, '2025-10-07 00:23:36'),
(177, 51, 'PR07', 'SP17', 'V-POWER', NULL, 32297.000, 573095.21, 4, 1, 0.000, 0.00, 17767.000, '2025-10-07 00:23:36'),
(178, 51, 'PR03', 'SP18', 'DIESEL', NULL, 0.000, 0.00, 0, 0, 0.000, 0.00, 1450.000, '2025-10-07 00:23:36'),
(179, 52, 'PR07', 'SP16', 'SUPER', NULL, 175058.000, 2639042.29, 9, 8, 0.000, 0.00, 15367.000, '2025-10-07 00:26:27'),
(180, 52, 'PR07', 'SP17', 'V-POWER', NULL, 658.000, 0.00, 1, 0, 0.000, 0.00, 924.000, '2025-10-07 00:26:27'),
(181, 52, 'PR03', 'SP18', 'DIESEL', NULL, 0.000, 0.00, 0, 0, 0.000, 0.00, 1450.000, '2025-10-07 00:26:27'),
(182, 53, 'PR07', 'SP16', 'SUPER', 15976.000, 183109.000, 3428379.79, 8, 8, 181222.767, 4274475.12, 16624.000, '2025-10-08 00:13:37'),
(183, 53, 'PR07', 'SP17', 'V-POWER', 17634.000, 45723.000, 872908.99, 2, 2, 48303.128, 1187773.91, 15163.000, '2025-10-08 00:13:37'),
(184, 53, 'PR03', 'SP18', 'DIESEL', 1450.000, 14727.000, 306060.26, 1, 1, 4947.715, 126117.26, 11158.000, '2025-10-08 00:13:37'),
(185, 54, 'PR07', 'SP16', 'SUPER', NULL, 173849.000, 3238868.18, 10, 10, 0.000, 0.00, 977.000, '2025-10-08 00:18:08'),
(186, 54, 'PR07', 'SP17', 'V-POWER', NULL, 0.000, 0.00, 0, 0, 0.000, 0.00, 1419.000, '2025-10-08 00:18:09'),
(187, 54, 'PR03', 'SP18', 'DIESEL', NULL, 0.000, 0.00, 0, 0, 0.000, 0.00, 1453.000, '2025-10-08 00:18:09'),
(188, 55, 'PR07', 'SP16', 'SUPER', NULL, 157743.000, 3026695.22, 7, 7, 0.000, 0.00, 15212.000, '2025-10-08 00:19:40'),
(189, 55, 'PR07', 'SP17', 'V-POWER', NULL, 0.000, 0.00, 0, 0, 0.000, 0.00, 2960.000, '2025-10-08 00:19:40'),
(190, 55, 'PR03', 'SP18', 'DIESEL', NULL, 0.000, 0.00, 0, 0, 0.000, 0.00, 16344.000, '2025-10-08 00:19:40'),
(191, 56, 'PR07', 'SP16', 'SUPER', NULL, 182300.000, 2889311.45, 6, 5, 0.000, 0.00, 22922.000, '2025-10-08 00:21:16'),
(192, 56, 'PR07', 'SP17', 'V-POWER', NULL, 30443.000, 600815.76, 1, 1, 0.000, 0.00, 22907.000, '2025-10-08 00:21:16'),
(193, 56, 'PR03', 'SP18', 'DIESEL', NULL, 30802.000, 619267.77, 1, 1, 0.000, 0.00, 31472.000, '2025-10-08 00:21:16'),
(194, 57, 'PR07', 'SP16', 'SUPER', NULL, 185996.000, 3518937.82, 6, 6, 0.000, 0.00, 37683.000, '2025-10-08 00:22:07'),
(195, 57, 'PR07', 'SP17', 'V-POWER', NULL, 30685.000, 643162.50, 1, 1, 0.000, 0.00, 19364.000, '2025-10-08 00:22:07'),
(196, 57, 'PR03', 'SP18', 'DIESEL', NULL, 0.000, 0.00, 0, 0, 0.000, 0.00, 1461.000, '2025-10-08 00:22:07'),
(211, 62, 'PR07', 'SP16', 'MAGNA', NULL, 0.000, 0.00, 0, 0, 0.000, 0.00, 0.000, '2025-10-09 03:29:17'),
(212, 62, 'PR07', 'SP17', 'PREMIUM', NULL, 0.000, 0.00, 0, 0, 0.000, 0.00, 0.000, '2025-10-09 03:29:17'),
(215, 64, 'PR07', 'SP16', 'MAGNA', NULL, 0.000, 0.00, 0, 0, 0.000, 0.00, 0.000, '2025-10-09 22:40:00'),
(216, 64, 'PR07', 'SP17', 'PREMIUM', NULL, 0.000, 0.00, 0, 0, 0.000, 0.00, 0.000, '2025-10-09 22:40:00'),
(217, 64, 'PR03', 'SP18', 'DIESEL ULSD', NULL, 995627.000, 20985786.23, 32, 32, 761263.000, 14377427.05, 653477.000, '2025-10-09 22:40:00'),
(218, 64, 'PR03', 'SP18', 'DIESEL AUTOMOTRIZ', NULL, 0.000, 0.00, 0, 0, 0.000, 0.00, 0.000, '2025-10-09 22:40:00'),
(219, 64, 'PR03', 'SP1', 'ANTICIPO DEL BIEN O SERVICIO', NULL, 0.000, 0.00, 0, 0, 0.000, 0.00, 0.000, '2025-10-09 22:40:00'),
(225, 66, 'PR07', 'SP16', 'MAGNA', NULL, 0.000, 0.00, 0, 0, 0.000, 0.00, 0.000, '2025-10-10 00:09:51'),
(226, 66, 'PR07', 'SP17', 'PREMIUM', NULL, 0.000, 0.00, 0, 0, 0.000, 0.00, 0.000, '2025-10-10 00:09:51'),
(227, 66, 'PR03', 'SP18', 'DIESEL ULSD', NULL, 995627.000, 20985786.23, 32, 32, 761263.000, 14377427.05, 653477.000, '2025-10-10 00:09:51'),
(228, 66, 'PR03', 'SP18', 'DIESEL AUTOMOTRIZ', NULL, 0.000, 0.00, 0, 0, 0.000, 0.00, 0.000, '2025-10-10 00:09:51'),
(229, 66, 'PR03', 'SP1', 'ANTICIPO DEL BIEN O SERVICIO', NULL, 0.000, 0.00, 0, 0, 0.000, 0.00, 0.000, '2025-10-10 00:09:51'),
(230, 67, 'PR07', 'SP16', 'MAGNA', NULL, 91102.000, 1573853.41, 4, 4, 85177.272, 2083436.17, 6392.000, '2025-10-10 03:10:32'),
(231, 67, 'PR07', 'SP17', 'PREMIUM', NULL, 145490.000, 2568601.04, 5, 5, 127242.285, 3294302.46, 36472.000, '2025-10-10 03:10:32'),
(232, 67, 'PR03', 'SP18', 'DIESEL', NULL, 60143.000, 1129953.27, 3, 3, 49743.085, 1262977.27, 11975.000, '2025-10-10 03:10:32'),
(243, 73, 'PR07', 'SP16', 'MAGNA', 0.000, 63000.000, 1140297.42, 1, 1, 43410.000, 724632.54, 19590.000, '2025-10-10 06:47:24'),
(244, 73, 'PR07', 'SP17', 'PREMIUM', 0.000, 0.000, 0.00, 0, 0, 0.000, 0.00, 0.000, '2025-10-10 06:47:24'),
(245, 73, 'PR03', 'SP18', 'DIESEL ULSD', 653477.000, 361701.000, 7021857.03, 13, 13, 466365.000, 8436979.10, 63702.000, '2025-10-10 06:47:24'),
(246, 73, 'PR03', 'SP18', 'DIESEL AUTOMOTRIZ', 653477.000, 0.000, 0.00, 0, 0, 0.000, 0.00, 0.000, '2025-10-10 06:47:24'),
(247, 74, 'PR07', 'SP16', 'MAGNA', 19590.000, 62211.000, 1110466.49, 1, 1, 0.000, 0.00, 125211.000, '2025-10-10 07:04:53'),
(248, 74, 'PR07', 'SP17', 'PREMIUM', 0.000, 0.000, 0.00, 0, 0, 0.000, 0.00, 0.000, '2025-10-10 07:04:53'),
(249, 74, 'PR03', 'SP18', 'DIESEL ULSD', 63702.000, 521317.000, 10284938.36, 17, 17, 436346.000, 7974128.95, 428825.000, '2025-10-10 07:04:53'),
(250, 74, 'PR03', 'SP18', 'DIESEL AUTOMOTRIZ', 63702.000, 0.000, 0.00, 0, 0, 0.000, 0.00, 0.000, '2025-10-10 07:04:53'),
(251, 75, 'PR07', 'SP16', 'MAGNA', 125211.000, 0.000, 0.00, 0, 0, 39818.000, 607004.71, 85393.000, '2025-10-10 07:13:49'),
(252, 75, 'PR07', 'SP17', 'PREMIUM', 0.000, 0.000, 0.00, 0, 0, 0.000, 0.00, 0.000, '2025-10-10 07:13:49'),
(253, 75, 'PR03', 'SP18', 'DIESEL ULSD', 428825.000, 537608.000, 10591336.66, 16, 16, 523170.000, 9457262.29, 904544.000, '2025-10-10 07:13:49'),
(254, 75, 'PR03', 'SP18', 'DIESEL AUTOMOTRIZ', 428825.000, 0.000, 0.00, 0, 0, 0.000, 0.00, 0.000, '2025-10-10 07:13:49'),
(255, 76, 'PR07', 'SP16', 'MAGNA', 85393.000, 0.000, 0.00, 0, 0, 8000.000, 164000.01, 77393.000, '2025-10-10 07:19:30'),
(256, 76, 'PR07', 'SP17', 'PREMIUM', 0.000, 0.000, 0.00, 0, 0, 0.000, 0.00, 0.000, '2025-10-10 07:19:30'),
(257, 76, 'PR03', 'SP18', 'DIESEL ULSD', 904544.000, 382368.730, 7077547.50, 9, 9, 378718.000, 6685706.68, 1307889.000, '2025-10-10 07:19:30'),
(258, 76, 'PR03', 'SP18', 'DIESEL AUTOMOTRIZ', 904544.000, 0.000, 0.00, 0, 0, 0.000, 0.00, 0.000, '2025-10-10 07:19:30'),
(275, 81, 'PR07', 'SP16', 'MAGNA', NULL, 60043.000, 1224876.93, 1, 1, 60000.000, 1098289.50, 77436.000, '2025-10-10 07:24:58'),
(276, 81, 'PR07', 'SP17', 'PREMIUM', NULL, 0.000, 0.00, 0, 0, 0.000, 0.00, 0.000, '2025-10-10 07:24:58'),
(277, 81, 'PR03', 'SP18', 'DIESEL ULSD', NULL, 143101.000, 3118070.78, 7, 7, 250246.000, 4690239.47, 2031320.660, '2025-10-10 07:24:58'),
(278, 81, 'PR03', 'SP18', 'DIESEL AUTOMOTRIZ', NULL, 0.000, 0.00, 0, 0, 0.000, 0.00, 0.000, '2025-10-10 07:24:58'),
(279, 82, 'PR07', 'SP16', 'MAGNA', NULL, 0.000, 0.00, 0, 0, 0.000, 0.00, 77393.000, '2025-10-10 07:24:58'),
(280, 82, 'PR07', 'SP17', 'PREMIUM', NULL, 0.000, 0.00, 0, 0, 0.000, 0.00, 0.000, '2025-10-10 07:24:58'),
(281, 82, 'PR03', 'SP18', 'DIESEL ULSD', NULL, 98460.440, 1835466.09, 4, 4, 234832.000, 4169202.58, 1715080.660, '2025-10-10 07:24:58'),
(282, 82, 'PR03', 'SP18', 'DIESEL AUTOMOTRIZ', NULL, 0.000, 0.00, 0, 0, 0.000, 0.00, 0.000, '2025-10-10 07:24:58'),
(283, 83, 'PR07', 'SP16', 'MAGNA', 77393.000, 0.000, 0.00, 0, 0, 0.000, 0.00, 77393.000, '2025-10-10 07:24:58'),
(284, 83, 'PR07', 'SP17', 'PREMIUM', 0.000, 0.000, 0.00, 0, 0, 0.000, 0.00, 0.000, '2025-10-10 07:24:58'),
(285, 83, 'PR03', 'SP18', 'DIESEL ULSD', 1307889.000, 446311.600, 8514116.97, 12, 12, 385440.000, 6846636.95, 1791674.220, '2025-10-10 07:24:58'),
(286, 83, 'PR03', 'SP18', 'DIESEL AUTOMOTRIZ', 1307889.000, 0.000, 0.00, 0, 0, 0.000, 0.00, 0.000, '2025-10-10 07:24:58'),
(298, 87, 'PR07', 'SP16', 'MAGNA', NULL, 0.000, 0.00, 0, 0, 0.000, 0.00, 77436.000, '2025-10-11 01:21:51'),
(299, 87, 'PR07', 'SP17', 'PREMIUM', NULL, 0.000, 0.00, 0, 0, 0.000, 0.00, 0.000, '2025-10-11 01:21:51'),
(300, 87, 'PR03', 'SP18', 'DIESEL ULSD', NULL, 613110.668, 12040943.86, 13, 13, 631895.080, 11680826.57, 3641914.758, '2025-10-11 01:21:51'),
(301, 87, 'PR03', 'SP18', 'DIESEL AUTOMOTRIZ', NULL, 0.000, 0.00, 0, 0, 0.000, 0.00, 0.000, '2025-10-11 01:21:51'),
(302, 88, 'PR07', 'SP16', 'MAGNA', NULL, 0.000, 0.00, 0, 0, 0.000, 0.00, 77436.000, '2025-10-11 01:21:51'),
(303, 88, 'PR07', 'SP17', 'PREMIUM', NULL, 0.000, 0.00, 0, 0, 0.000, 0.00, 0.000, '2025-10-11 01:21:51'),
(304, 88, 'PR03', 'SP18', 'DIESEL ULSD', NULL, 475799.100, 9978422.22, 16, 16, 509828.000, 9635064.76, 3144212.090, '2025-10-11 01:21:51'),
(305, 88, 'PR03', 'SP18', 'DIESEL AUTOMOTRIZ', NULL, 0.000, 0.00, 0, 0, 0.000, 0.00, 0.000, '2025-10-11 01:21:51'),
(306, 89, 'PR07', 'SP16', 'MAGNA', NULL, 0.000, 0.00, 0, 0, 0.000, 0.00, 77436.000, '2025-10-11 01:21:51'),
(307, 89, 'PR07', 'SP17', 'PREMIUM', NULL, 0.000, 0.00, 0, 0, 0.000, 0.00, 0.000, '2025-10-11 01:21:51'),
(308, 89, 'PR03', 'SP18', 'DIESEL ULSD', NULL, 346174.330, 7415908.90, 9, 9, 427071.000, 8170715.31, 2688412.990, '2025-10-11 01:21:51'),
(309, 89, 'PR03', 'SP18', 'DIESEL AUTOMOTRIZ', NULL, 0.000, 0.00, 0, 0, 0.000, 0.00, 0.000, '2025-10-11 01:21:51'),
(310, 90, 'PR07', 'SP16', 'MAGNA', 77436.000, 0.000, 0.00, 0, 0, 0.000, 0.00, 77436.000, '2025-10-11 01:21:51'),
(311, 90, 'PR07', 'SP17', 'PREMIUM', 0.000, 0.000, 0.00, 0, 0, 0.000, 0.00, 0.000, '2025-10-11 01:21:51'),
(312, 90, 'PR03', 'SP18', 'DIESEL ULSD', 2031320.660, 311446.000, 6663868.62, 7, 7, 374615.000, 7210670.35, 2339816.660, '2025-10-11 01:21:51'),
(313, 90, 'PR03', 'SP18', 'DIESEL AUTOMOTRIZ', 2031320.660, 0.000, 0.00, 0, 0, 0.000, 0.00, 0.000, '2025-10-11 01:21:51'),
(317, 92, 'PR07', 'SP16', 'SUPER', NULL, 0.000, 0.00, 0, 0, 0.000, 0.00, 30352.000, '2025-10-11 20:10:05'),
(318, 92, 'PR07', 'SP17', 'V-POWER', NULL, 0.000, 0.00, 0, 0, 0.000, 0.00, 13872.000, '2025-10-11 20:10:05'),
(319, 92, 'PR03', 'SP18', 'DIESEL', NULL, 0.000, 0.00, 0, 0, 0.000, 0.00, 1461.000, '2025-10-11 20:10:05'),
(320, 93, 'PR07', 'SP16', 'SUPER', NULL, 201866.000, 3643033.44, 6, 6, 199406.682, 4733016.59, 32858.000, '2025-10-11 20:28:04'),
(321, 93, 'PR07', 'SP17', 'V-POWER', NULL, 0.000, 0.00, 0, 0, 12720.451, 317884.06, 961.000, '2025-10-11 20:28:04'),
(322, 93, 'PR03', 'SP18', 'DIESEL', NULL, 0.000, 0.00, 0, 0, 0.000, 0.00, 1461.000, '2025-10-11 20:28:04'),
(323, 94, 'PR07', 'SP16', 'MAGNA', NULL, 0.000, 0.00, 0, 0, 0.000, 0.00, 0.000, '2025-10-12 01:18:03'),
(324, 94, 'PR07', 'SP17', 'PREMIUM', NULL, 0.000, 0.00, 0, 0, 0.000, 0.00, 0.000, '2025-10-12 01:18:03'),
(325, 94, 'PR03', 'SP18', 'DIESEL ULSD', NULL, 183232.000, 3285529.57, 4, 4, 202294.000, 3450992.13, 168232.000, '2025-10-12 01:18:03'),
(326, 94, 'PR03', 'SP18', 'DIESEL AUTOMOTRIZ', NULL, 0.000, 0.00, 0, 0, 0.000, 0.00, 0.000, '2025-10-12 01:18:03'),
(327, 95, 'PR07', 'SP16', 'MAGNA', 0.000, 91200.000, 1585194.99, 2, 2, 91027.000, 1446038.81, 81215.000, '2025-10-12 01:27:12'),
(328, 95, 'PR07', 'SP17', 'PREMIUM', 0.000, 0.000, 0.00, 0, 0, 0.000, 0.00, 0.000, '2025-10-12 01:27:12'),
(329, 95, 'PR03', 'SP18', 'DIESEL ULSD', 168232.000, 1182738.000, 22513857.04, 26, 27, 1136884.000, 19797449.38, 1355592.000, '2025-10-12 01:27:12'),
(330, 95, 'PR03', 'SP18', 'DIESEL AUTOMOTRIZ', 168232.000, 0.000, 0.00, 0, 0, 0.000, 0.00, 0.000, '2025-10-12 01:27:12'),
(399, 113, 'PR07', 'SP16', 'MAGNA', NULL, 0.000, 0.00, 0, 0, 0.000, 0.00, 68663.000, '2025-10-13 16:46:19'),
(400, 113, 'PR07', 'SP17', 'PREMIUM', NULL, 0.000, 0.00, 0, 0, 0.000, 0.00, 42734.000, '2025-10-13 16:46:19'),
(401, 113, 'PR03', 'SP18', 'DIESEL', NULL, 0.000, 0.00, 0, 0, 0.000, 0.00, 17149.000, '2025-10-13 16:46:19'),
(408, 116, 'PR07', 'SP16', 'MAGNA', NULL, 0.000, 0.00, 0, 0, 0.000, 0.00, 57912.000, '2025-10-13 17:11:34'),
(409, 116, 'PR07', 'SP17', 'PREMIUM', NULL, 0.000, 0.00, 0, 0, 0.000, 0.00, 56640.000, '2025-10-13 17:11:34'),
(410, 116, 'PR03', 'SP18', 'DIESEL', NULL, 0.000, 0.00, 0, 0, 0.000, 0.00, 26001.000, '2025-10-13 17:11:34'),
(411, 117, 'PR07', 'SP16', 'MAGNA', NULL, 0.000, 0.00, 0, 0, 0.000, 0.00, 43572.000, '2025-10-13 17:12:02'),
(412, 117, 'PR07', 'SP17', 'PREMIUM', NULL, 0.000, 0.00, 0, 0, 0.000, 0.00, 19422.000, '2025-10-13 17:12:02'),
(413, 117, 'PR03', 'SP18', 'DIESEL', NULL, 0.000, 0.00, 0, 0, 0.000, 0.00, 10128.000, '2025-10-13 17:12:02'),
(417, 119, 'PR07', 'SP16', 'MAGNA', NULL, 105244.000, 1970375.37, 9, 10, 119660.272, 2812017.10, 27623.000, '2025-10-13 17:15:19'),
(418, 119, 'PR07', 'SP17', 'PREMIUM', NULL, 114879.000, 2093066.33, 9, 10, 90671.752, 2225992.84, 23698.000, '2025-10-13 17:15:19'),
(419, 119, 'PR03', 'SP18', 'DIESEL', NULL, 69959.000, 1194855.41, 5, 6, 45778.484, 1155520.77, 30042.000, '2025-10-13 17:15:19'),
(420, 120, 'PR07', 'SP16', 'MAGNA', NULL, 0.000, 0.00, 0, 0, 0.000, 0.00, 14656.000, '2025-10-13 18:55:21'),
(421, 120, 'PR07', 'SP17', 'PREMIUM', NULL, 0.000, 0.00, 0, 0, 0.000, 0.00, 29678.000, '2025-10-13 18:55:21'),
(422, 120, 'PR03', 'SP18', 'DIESEL', NULL, 0.000, 0.00, 0, 0, 0.000, 0.00, 12702.000, '2025-10-13 18:55:21'),
(423, 121, 'PR07', 'SP16', 'MAGNA', 27623.000, 0.000, 0.00, 0, 0, 0.000, 0.00, 41998.000, '2025-10-13 18:56:32'),
(424, 121, 'PR07', 'SP17', 'PREMIUM', 23698.000, 0.000, 0.00, 0, 0, 0.000, 0.00, 41605.000, '2025-10-13 18:56:32'),
(425, 121, 'PR03', 'SP18', 'DIESEL', 30042.000, 0.000, 0.00, 0, 0, 0.000, 0.00, 26839.000, '2025-10-13 18:56:32'),
(426, 122, 'PR07', 'SP16', 'MAGNA', NULL, 0.000, 0.00, 0, 0, 0.000, 0.00, 46129.000, '2025-10-13 18:59:59'),
(427, 122, 'PR07', 'SP17', 'PREMIUM', NULL, 0.000, 0.00, 0, 0, 0.000, 0.00, 35613.000, '2025-10-13 18:59:59'),
(428, 122, 'PR03', 'SP18', 'DIESEL', NULL, 0.000, 0.00, 0, 0, 0.000, 0.00, 17690.000, '2025-10-13 18:59:59'),
(429, 123, 'PR07', 'SP16', 'MAGNA', NULL, 0.000, 0.00, 0, 0, 0.000, 0.00, 77436.000, '2025-10-13 20:14:45'),
(430, 123, 'PR07', 'SP17', 'PREMIUM', NULL, 0.000, 0.00, 0, 0, 0.000, 0.00, 148932.000, '2025-10-13 20:14:45'),
(431, 123, 'PR03', 'SP18', 'DIESEL ULSD', NULL, 914569.000, 19352979.67, 20, 20, 650149.000, 12373230.23, 4897028.697, '2025-10-13 20:14:45'),
(432, 123, 'PR03', 'SP18', 'DIESEL AUTOMOTRIZ', NULL, 0.000, 0.00, 0, 0, 0.000, 0.00, 0.000, '2025-10-13 20:14:45'),
(433, 124, 'PR07', 'SP16', 'MAGNA', 77436.000, 301368.200, 6101164.14, 10, 10, 301369.000, 5427712.32, 318804.200, '2025-10-13 22:07:07'),
(434, 124, 'PR07', 'SP17', 'PREMIUM', 148932.000, 0.000, 0.00, 0, 0, 0.000, 0.00, 148932.000, '2025-10-13 22:07:07'),
(435, 124, 'PR03', 'SP18', 'DIESEL ULSD', 4897028.697, 1372453.988, 30110411.37, 34, 34, 1332700.400, 26212362.25, 6056127.677, '2025-10-13 22:07:07'),
(436, 124, 'PR03', 'SP18', 'DIESEL AUTOMOTRIZ', 4897028.697, 0.000, 0.00, 0, 0, 0.000, 0.00, 0.000, '2025-10-13 22:07:07'),
(446, 128, 'PR07', 'SP16', 'MAGNA', NULL, 235791.000, 4444361.50, 12, 22, 261608.902, 6187050.52, 26905.000, '2025-10-14 00:45:02'),
(447, 128, 'PR07', 'SP17', 'PREMIUM', NULL, 119875.000, 2457264.48, 6, 11, 105522.144, 2659158.03, 51343.000, '2025-10-14 00:45:02'),
(448, 128, 'PR03', 'SP18', 'DIESEL', NULL, 35035.000, 723913.95, 2, 3, 43415.416, 1105790.65, 28501.000, '2025-10-14 00:45:02'),
(449, 129, 'PR07', 'SP16', 'MAGNA', NULL, 404932.000, 7704287.11, 13, 13, 64301.480, 1520730.00, 49322.000, '2025-10-14 00:59:07'),
(450, 129, 'PR07', 'SP17', 'PREMIUM', NULL, 112950.000, 2308845.62, 6, 6, 19562.323, 492970.55, 15664.000, '2025-10-14 00:59:07'),
(451, 129, 'PR03', 'SP18', 'DIESEL', NULL, 92185.000, 1898718.34, 3, 3, 19462.894, 495719.90, 12850.000, '2025-10-14 00:59:07'),
(452, 130, 'PR07', 'SP16', 'MAGNA', NULL, 0.000, 0.00, 0, 0, 0.000, 0.00, 15698.000, '2025-10-14 01:07:38'),
(453, 130, 'PR07', 'SP17', 'PREMIUM', NULL, 0.000, 0.00, 0, 0, 0.000, 0.00, 12553.000, '2025-10-14 01:07:38'),
(454, 130, 'PR03', 'SP18', 'DIESEL', NULL, 0.000, 0.00, 0, 0, 0.000, 0.00, 17097.000, '2025-10-14 01:07:38'),
(455, 131, 'PR07', 'SP16', 'MAGNA', NULL, 157460.000, 2994595.10, 8, 8, 149694.412, 3585326.72, 15698.000, '2025-10-14 01:08:37'),
(456, 131, 'PR07', 'SP17', 'PREMIUM', NULL, 19755.000, 409630.11, 1, 1, 19285.186, 496616.72, 12553.000, '2025-10-14 01:08:37'),
(457, 131, 'PR03', 'SP18', 'DIESEL', NULL, 39647.000, 836815.94, 2, 2, 44253.535, 1141755.66, 17097.000, '2025-10-14 01:08:37'),
(458, 132, 'PR07', 'SP16', 'MAGNA', NULL, 225199.580, 3683390.42, 13, 13, 206217.755, 4740940.94, 46129.000, '2025-10-14 01:20:18'),
(459, 132, 'PR07', 'SP17', 'PREMIUM', NULL, 119699.000, 2404165.10, 12, 12, 104756.487, 2569042.08, 35613.000, '2025-10-14 01:20:18'),
(460, 132, 'PR03', 'SP18', 'DIESEL', NULL, 29777.000, 614444.45, 3, 3, 30776.176, 782979.17, 17690.000, '2025-10-14 01:20:18'),
(461, 133, 'PR07', 'SP16', 'MAGNA', 27623.000, 130327.000, 2441204.42, 11, 13, 113458.754, 2664582.22, 41998.000, '2025-10-14 01:22:40'),
(462, 133, 'PR07', 'SP17', 'PREMIUM', 23698.000, 100274.000, 2002406.85, 7, 10, 80873.051, 1992320.82, 41605.000, '2025-10-14 01:22:40'),
(463, 133, 'PR03', 'SP18', 'DIESEL', 30042.000, 49888.000, 1026217.06, 4, 5, 53018.433, 1332748.51, 26839.000, '2025-10-14 01:22:40'),
(464, 134, 'PR07', 'SP16', 'MAGNA', NULL, 179282.000, 3381315.89, 18, 18, 171131.282, 4007957.67, 14656.000, '2025-10-14 01:27:34'),
(465, 134, 'PR07', 'SP17', 'PREMIUM', NULL, 119605.000, 2405988.56, 12, 12, 111578.301, 2756161.11, 29678.000, '2025-10-14 01:27:34'),
(466, 134, 'PR03', 'SP18', 'DIESEL', NULL, 19922.000, 403029.71, 2, 2, 15794.749, 396655.68, 12702.000, '2025-10-14 01:27:34'),
(467, 135, 'PR07', 'SP16', 'MAGNA', NULL, 120099.000, 2253398.59, 12, 12, 95394.211, 2232918.52, 43572.000, '2025-10-14 01:31:45'),
(468, 135, 'PR07', 'SP17', 'PREMIUM', NULL, 30002.000, 608719.36, 3, 3, 42268.706, 1021060.73, 19422.000, '2025-10-14 01:31:45'),
(469, 135, 'PR03', 'SP18', 'DIESEL', NULL, 0.000, 0.00, 0, 0, 7305.425, 184827.34, 10128.000, '2025-10-14 01:31:45'),
(470, 136, 'PR07', 'SP16', 'MAGNA', NULL, 219103.000, 4085767.71, 11, 11, 198841.254, 4631009.44, 57912.000, '2025-10-14 01:48:48'),
(471, 136, 'PR07', 'SP17', 'PREMIUM', NULL, 272227.000, 5451565.60, 9, 10, 246386.998, 6009375.65, 56640.000, '2025-10-14 01:48:48'),
(472, 136, 'PR03', 'SP18', 'DIESEL', NULL, 99801.000, 2028649.90, 8, 10, 90563.365, 2309366.08, 26001.000, '2025-10-14 01:48:48'),
(473, 137, 'PR07', 'SP16', 'MAGNA', NULL, 237849.000, 4459910.06, 13, 13, 204053.237, 4754439.15, 68663.000, '2025-10-14 04:15:27'),
(474, 137, 'PR07', 'SP17', 'PREMIUM', NULL, 167841.000, 3355556.63, 6, 6, 158255.624, 3897848.88, 42734.000, '2025-10-14 04:15:27'),
(475, 137, 'PR03', 'SP18', 'DIESEL', NULL, 29641.000, 613352.18, 3, 3, 31814.513, 809256.91, 17149.000, '2025-10-14 04:15:27'),
(476, 138, 'PR07', 'SP16', 'MAGNA', NULL, 125633.000, 2267602.93, 4, 4, 100603.751, 2460767.83, 47100.000, '2025-10-14 07:20:45'),
(477, 138, 'PR07', 'SP17', 'PREMIUM', NULL, 145680.000, 2635718.93, 5, 5, 141315.331, 3658653.68, 20348.000, '2025-10-14 07:20:45'),
(478, 138, 'PR03', 'SP18', 'DIESEL', NULL, 40106.000, 790308.95, 2, 2, 61282.065, 1555952.03, 6169.000, '2025-10-14 07:20:45'),
(479, 139, 'PR07', 'SP16', 'MAGNA', NULL, 102136.000, 1896814.00, 4, 4, 94851.691, 2275491.90, 24406.000, '2025-10-14 09:11:09'),
(480, 139, 'PR07', 'SP17', 'PREMIUM', NULL, 112619.000, 2259970.29, 4, 4, 111843.434, 3011943.64, 27964.000, '2025-10-14 09:11:09'),
(481, 139, 'PR03', 'SP18', 'DIESEL', NULL, 101138.000, 2048180.51, 5, 5, 89621.909, 2463705.20, 27892.000, '2025-10-14 09:11:09'),
(485, 141, 'PR07', 'SP16', 'MAGNA', NULL, 255368.000, 4790208.26, 18, 21, 0.000, 0.00, 31412.000, '2025-10-14 15:41:03'),
(486, 141, 'PR07', 'SP17', 'PREMIUM', NULL, 149684.000, 3030558.00, 12, 14, 0.000, 0.00, 13649.000, '2025-10-14 15:41:03'),
(487, 141, 'PR03', 'SP18', 'DIESEL', NULL, 100570.000, 2042813.36, 7, 10, 0.000, 0.00, 15878.000, '2025-10-14 15:41:03'),
(488, 142, 'PR07', 'SP16', 'SUPER', NULL, 201866.000, 3643033.44, 6, 6, 199406.682, 4733016.59, 32858.000, '2025-10-14 16:19:51'),
(489, 142, 'PR07', 'SP17', 'V-POWER', NULL, 0.000, 0.00, 0, 0, 12720.451, 317884.06, 961.000, '2025-10-14 16:19:51'),
(490, 142, 'PR03', 'SP18', 'DIESEL', NULL, 0.000, 0.00, 0, 0, 0.000, 0.00, 1461.000, '2025-10-14 16:19:51'),
(491, 143, 'PR07', 'SP16', 'MAGNA', NULL, 255368.000, 4790208.26, 18, 21, 253842.514, 6089682.02, 31412.000, '2025-10-14 17:30:46'),
(492, 143, 'PR07', 'SP17', 'PREMIUM', NULL, 149684.000, 3030558.00, 12, 14, 146652.420, 3708840.66, 13649.000, '2025-10-14 17:30:46'),
(493, 143, 'PR03', 'SP18', 'DIESEL', NULL, 100570.000, 2042813.36, 7, 10, 112238.276, 2956358.94, 15878.000, '2025-10-14 17:30:46'),
(494, 144, 'PR07', 'SP16', 'MAGNA', NULL, 0.000, 0.00, 0, 0, 0.000, 0.00, 0.000, '2025-10-16 18:00:18'),
(495, 144, 'PR07', 'SP17', 'PREMIUM', NULL, 0.000, 0.00, 0, 0, 0.000, 0.00, 9476.000, '2025-10-16 18:00:18'),
(496, 144, 'PR03', 'SP18', 'DIESEL', NULL, 0.000, 0.00, 0, 0, 0.000, 0.00, 29624.000, '2025-10-16 18:00:18'),
(497, 145, 'PR07', 'SP16', 'MAGNA', NULL, 95525.000, 1860730.28, 3, 3, 0.000, 0.00, 9565.000, '2025-10-16 18:01:01'),
(498, 145, 'PR07', 'SP17', 'PREMIUM', NULL, 9228.000, 179996.49, 2, 1, 0.000, 0.00, 3698.000, '2025-10-16 18:01:01'),
(499, 145, 'PR03', 'SP18', 'DIESEL', NULL, 37119.000, 814834.53, 3, 3, 0.000, 0.00, 13039.000, '2025-10-16 18:01:01'),
(503, 147, 'PR07', 'SP16', 'MAGNA', NULL, 293978.000, 5538524.19, 21, 26, 0.000, 0.00, 0.000, '2025-10-16 18:15:42'),
(504, 147, 'PR07', 'SP17', 'PREMIUM', NULL, 171473.000, 3436836.71, 14, 16, 0.000, 0.00, 0.000, '2025-10-16 18:15:42'),
(505, 147, 'PR03', 'SP18', 'DIESEL', NULL, 45109.000, 923815.46, 4, 4, 0.000, 0.00, 0.000, '2025-10-16 18:15:42'),
(506, 148, 'PR07', 'SP16', 'MAGNA', NULL, 255368.000, 4790208.26, 18, 21, 253842.514, 6089682.02, 31412.000, '2025-10-16 18:16:39'),
(507, 148, 'PR07', 'SP17', 'PREMIUM', NULL, 149684.000, 3030558.00, 12, 14, 146652.420, 3708840.66, 13649.000, '2025-10-16 18:16:39'),
(508, 148, 'PR03', 'SP18', 'DIESEL', NULL, 100570.000, 2042813.36, 7, 10, 112238.276, 2956358.94, 15878.000, '2025-10-16 18:16:39'),
(542, 158, 'PR07', 'SP16', 'MAGNA', 318804.200, 502518.000, 10415297.92, 14, 14, 406118.000, 7488799.66, 723850.200, '2025-10-17 03:49:13'),
(543, 158, 'PR07', 'SP17', 'PREMIUM', 148932.000, 0.000, 0.00, 0, 0, 0.000, 0.00, 148932.000, '2025-10-17 03:49:13'),
(544, 158, 'PR03', 'SP18', 'DIESEL ULSD', 6056127.677, 1854491.500, 41187618.27, 47, 47, 1725205.757, 33965810.51, 7614158.677, '2025-10-17 03:49:13'),
(545, 158, 'PR03', 'SP18', 'DIESEL AUTOMOTRIZ', 6056127.677, 0.000, 0.00, 0, 0, 0.000, 0.00, 0.000, '2025-10-17 03:49:13'),
(546, 158, 'PR13', 'SP32', 'COMBUSTOLEO PESADO', NULL, 38500.000, 317532.60, 1, 1, 0.000, 0.00, 38500.000, '2025-10-17 03:49:13'),
(550, 160, 'PR07', 'SP16', 'MAGNA', 318804.200, 435518.000, 11023573.92, 12, 15, 406118.000, 7488799.66, 723850.200, '2025-10-17 21:04:07'),
(551, 160, 'PR07', 'SP17', 'PREMIUM', 148932.000, 0.000, 0.00, 0, 0, 0.000, 0.00, 148932.000, '2025-10-17 21:04:07'),
(552, 160, 'PR03', 'SP18', 'DIESEL ULSD', 6056127.677, 1791491.500, 39770118.12, 46, 46, 1725205.757, 33965810.51, 7614158.677, '2025-10-17 21:04:07'),
(553, 160, 'PR03', 'SP18', 'DIESEL AUTOMOTRIZ', 6056127.677, 0.000, 0.00, 0, 0, 0.000, 0.00, 0.000, '2025-10-17 21:04:07'),
(554, 160, 'PR13', 'SP32', 'COMBUSTOLEO PESADO', NULL, 38500.000, 317532.60, 1, 1, 0.000, 0.00, 38500.000, '2025-10-17 21:04:07'),
(555, 161, 'PR07', 'SP16', 'MAGNA', 723850.200, 240024.000, 5136513.56, 8, 8, 240024.000, 4518494.76, 904226.200, '2025-10-17 21:06:53'),
(556, 161, 'PR07', 'SP17', 'PREMIUM', 148932.000, 0.000, 0.00, 0, 0, 0.000, 0.00, 148932.000, '2025-10-17 21:06:53'),
(557, 161, 'PR03', 'SP18', 'DIESEL ULSD', 7614158.677, 1972733.028, 43922795.46, 53, 56, 2132982.000, 42013711.95, 9513561.687, '2025-10-17 21:06:53'),
(558, 161, 'PR03', 'SP18', 'DIESEL AUTOMOTRIZ', 7614158.677, 0.000, 0.00, 0, 0, 0.000, 0.00, 0.000, '2025-10-17 21:06:53'),
(559, 161, 'PR13', 'SP32', 'COMBUSTOLEO PESADO', 38500.000, 38500.000, 357146.02, 1, 1, 77000.000, 661841.57, 38500.000, '2025-10-17 21:06:53'),
(560, 162, 'PR07', 'SP16', 'MAGNA', 904226.200, 81124.000, 1735565.99, 3, 3, 81124.000, 1521532.65, 985350.200, '2025-10-17 21:08:37'),
(561, 162, 'PR07', 'SP17', 'PREMIUM', 148932.000, 0.000, 0.00, 0, 0, 0.000, 0.00, 148932.000, '2025-10-17 21:08:37'),
(562, 162, 'PR03', 'SP18', 'DIESEL ULSD', 9513561.687, 2044739.998, 46494053.28, 55, 55, 2095151.790, 42158343.62, 11116451.737, '2025-10-17 21:08:37'),
(563, 162, 'PR03', 'SP18', 'DIESEL AUTOMOTRIZ', 9513561.687, 0.000, 0.00, 0, 0, 0.000, 0.00, 0.000, '2025-10-17 21:08:37'),
(564, 162, 'PR13', 'SP32', 'COMBUSTOLEO PESADO', 38500.000, 38500.000, 361465.09, 1, 1, 38500.000, 354585.00, 77000.000, '2025-10-17 21:08:37'),
(565, 163, 'PR07', 'SP16', 'MAGNA', 985350.200, 40000.000, 838000.00, 2, 2, 20000.000, 397538.06, 1025350.200, '2025-10-17 21:10:34'),
(566, 163, 'PR07', 'SP17', 'PREMIUM', 148932.000, 0.000, 0.00, 0, 0, 0.000, 0.00, 148932.000, '2025-10-17 21:10:34'),
(567, 163, 'PR03', 'SP18', 'DIESEL ULSD', 11116451.737, 1910330.880, 45700603.37, 48, 50, 1930250.330, 39168941.41, 12784486.617, '2025-10-17 21:10:34'),
(568, 163, 'PR03', 'SP18', 'DIESEL AUTOMOTRIZ', 11116451.737, 0.000, 0.00, 0, 0, 0.000, 0.00, 0.000, '2025-10-17 21:10:34'),
(569, 163, 'PR13', 'SP32', 'COMBUSTOLEO PESADO', 77000.000, 36325.000, 309265.78, 1, 1, 37300.000, 324137.00, 114525.000, '2025-10-17 21:10:34'),
(570, 164, 'PR07', 'SP16', 'MAGNA', 1025350.200, 0.000, 0.00, 0, 0, 0.000, 0.00, 1025350.200, '2025-10-17 21:11:34'),
(571, 164, 'PR07', 'SP17', 'PREMIUM', 148932.000, 0.000, 0.00, 0, 0, 0.000, 0.00, 148932.000, '2025-10-17 21:11:34'),
(572, 164, 'PR03', 'SP18', 'DIESEL ULSD', 12784486.617, 1873539.970, 43390649.98, 43, 44, 1593503.975, 31752830.90, 11172303.657, '2025-10-17 21:11:34'),
(573, 164, 'PR03', 'SP18', 'DIESEL AUTOMOTRIZ', 12784486.617, 0.000, 0.00, 0, 0, 0.000, 0.00, 0.000, '2025-10-17 21:11:34'),
(574, 164, 'PR13', 'SP32', 'COMBUSTOLEO PESADO', 114525.000, 37300.000, 300138.00, 1, 1, 37300.000, 293178.00, 0.000, '2025-10-17 21:11:34'),
(580, 166, 'PR07', 'SP16', 'MAGNA', 1025350.200, 0.000, 0.00, 0, 0, 0.000, 0.00, 1025350.200, '2025-10-17 21:28:12'),
(581, 166, 'PR07', 'SP17', 'PREMIUM', 148932.000, 0.000, 0.00, 0, 0, 0.000, 0.00, 148932.000, '2025-10-17 21:28:12'),
(582, 166, 'PR03', 'SP18', 'DIESEL ULSD', 11172303.657, 2269974.009, 47117709.87, 51, 50, 2312144.003, 44461937.58, 10184086.466, '2025-10-17 21:28:12'),
(583, 166, 'PR03', 'SP18', 'DIESEL AUTOMOTRIZ', 11172303.657, 0.000, 0.00, 0, 0, 0.000, 0.00, 0.000, '2025-10-17 21:28:12'),
(584, 166, 'PR13', 'SP32', 'COMBUSTOLEO PESADO', 0.000, 0.000, 0.00, 0, 0, 0.000, 0.00, 0.000, '2025-10-17 21:28:12'),
(590, 168, 'PR07', 'SP16', 'MAGNA', 1025350.200, 0.000, 0.00, 0, 0, 0.000, 0.00, 1025350.200, '2025-10-17 21:31:52'),
(591, 168, 'PR07', 'SP17', 'PREMIUM', 148932.000, 0.000, 0.00, 0, 0, 0.000, 0.00, 148932.000, '2025-10-17 21:31:52'),
(592, 168, 'PR03', 'SP18', 'DIESEL ULSD', 12784486.617, 1873539.970, 44759920.48, 43, 45, 1599503.975, 31873205.27, 11172303.657, '2025-10-17 21:31:52'),
(593, 168, 'PR03', 'SP18', 'DIESEL AUTOMOTRIZ', 12784486.617, 0.000, 0.00, 0, 0, 0.000, 0.00, 0.000, '2025-10-17 21:31:52'),
(594, 168, 'PR13', 'SP32', 'COMBUSTOLEO PESADO', 114525.000, 37300.000, 300138.00, 1, 1, 37300.000, 293178.00, 0.000, '2025-10-17 21:31:52'),
(595, 169, 'PR07', 'SP16', 'MAGNA', 1025350.200, 0.000, 0.00, 0, 0, 0.000, 0.00, 1025350.200, '2025-10-17 21:33:02'),
(596, 169, 'PR07', 'SP17', 'PREMIUM', 148932.000, 0.000, 0.00, 0, 0, 0.000, 0.00, 148932.000, '2025-10-17 21:33:02'),
(597, 169, 'PR03', 'SP18', 'DIESEL ULSD', 10184086.466, 1673845.740, 35581805.82, 42, 44, 1909990.652, 36458276.25, 11711776.926, '2025-10-17 21:33:02'),
(598, 169, 'PR03', 'SP18', 'DIESEL AUTOMOTRIZ', 10184086.466, 0.000, 0.00, 0, 0, 0.000, 0.00, 0.000, '2025-10-17 21:33:02'),
(599, 169, 'PR13', 'SP32', 'COMBUSTOLEO PESADO', 0.000, 0.000, 0.00, 0, 0, 0.000, 0.00, 0.000, '2025-10-17 21:33:02'),
(600, 170, 'PR07', 'SP16', 'MAGNA', 1025350.200, 0.000, 0.00, 0, 0, 0.000, 0.00, 1025350.200, '2025-10-17 21:34:38'),
(601, 170, 'PR07', 'SP17', 'PREMIUM', 148932.000, 0.000, 0.00, 0, 0, 0.000, 0.00, 148932.000, '2025-10-17 21:34:38'),
(602, 170, 'PR03', 'SP18', 'DIESEL ULSD', 11711776.926, 2188965.366, 46894116.97, 49, 47, 2054830.204, 39883082.49, 13833647.506, '2025-10-17 21:34:38'),
(603, 170, 'PR03', 'SP18', 'DIESEL AUTOMOTRIZ', 11711776.926, 0.000, 0.00, 0, 0, 0.000, 0.00, 0.000, '2025-10-17 21:34:38'),
(604, 170, 'PR13', 'SP32', 'COMBUSTOLEO PESADO', 0.000, 0.000, 0.00, 0, 0, 0.000, 0.00, 0.000, '2025-10-17 21:34:38'),
(605, 171, 'PR07', 'SP16', 'MAGNA', 1025350.200, 0.000, 0.00, 0, 0, 0.000, 0.00, 1025350.200, '2025-10-17 21:56:30'),
(606, 171, 'PR07', 'SP17', 'PREMIUM', 148932.000, 0.000, 0.00, 0, 0, 0.000, 0.00, 148932.000, '2025-10-17 21:56:30'),
(607, 171, 'PR03', 'SP18', 'DIESEL ULSD', 13833647.506, 2027005.957, 43671072.39, 53, 54, 2110471.030, 40311731.96, 15739083.799, '2025-10-17 21:56:30'),
(608, 171, 'PR03', 'SP18', 'DIESEL AUTOMOTRIZ', 13833647.506, 0.000, 0.00, 0, 0, 0.000, 0.00, 0.000, '2025-10-17 21:56:30'),
(609, 171, 'PR13', 'SP32', 'COMBUSTOLEO PESADO', 0.000, 0.000, 0.00, 0, 0, 0.000, 0.00, 0.000, '2025-10-17 21:56:30'),
(610, 172, 'PR07', 'SP16', 'MAGNA', 1025350.200, 0.000, 0.00, 0, 0, 0.000, 0.00, 1025350.200, '2025-10-17 21:57:17'),
(611, 172, 'PR07', 'SP17', 'PREMIUM', 148932.000, 0.000, 0.00, 0, 0, 0.000, 0.00, 148932.000, '2025-10-17 21:57:17'),
(612, 172, 'PR03', 'SP18', 'DIESEL ULSD', 15739083.799, 2328479.314, 51084738.65, 65, 65, 2239034.740, 43707045.22, 18078867.099, '2025-10-17 21:57:17'),
(613, 172, 'PR03', 'SP18', 'DIESEL AUTOMOTRIZ', 15739083.799, 0.000, 0.00, 0, 0, 0.000, 0.00, 0.000, '2025-10-17 21:57:17'),
(614, 172, 'PR13', 'SP32', 'COMBUSTOLEO PESADO', 0.000, 0.000, 0.00, 0, 0, 0.000, 0.00, 0.000, '2025-10-17 21:57:17'),
(615, 173, 'PR07', 'SP16', 'MAGNA', 1025350.200, 30544.200, 626156.22, 1, 1, 31000.000, 595712.21, 1055894.400, '2025-10-17 21:58:09'),
(616, 173, 'PR07', 'SP17', 'PREMIUM', 148932.000, 0.000, 0.00, 0, 0, 0.000, 0.00, 148932.000, '2025-10-17 21:58:09'),
(617, 173, 'PR03', 'SP18', 'DIESEL ULSD', 18078867.099, 2093491.500, 46262059.55, 50, 50, 2191366.960, 43577973.19, 20099378.119, '2025-10-17 21:58:09'),
(618, 173, 'PR03', 'SP18', 'DIESEL AUTOMOTRIZ', 18078867.099, 0.000, 0.00, 0, 0, 0.000, 0.00, 0.000, '2025-10-17 21:58:09'),
(619, 173, 'PR13', 'SP32', 'COMBUSTOLEO PESADO', 0.000, 0.000, 0.00, 0, 0, 0.000, 0.00, 0.000, '2025-10-17 21:58:09'),
(620, 174, 'PR07', 'SP16', 'MAGNA', 1055894.400, 0.000, 0.00, 0, 0, 0.000, 0.00, 1055894.400, '2025-10-17 21:58:49'),
(621, 174, 'PR07', 'SP17', 'PREMIUM', 148932.000, 0.000, 0.00, 0, 0, 0.000, 0.00, 148932.000, '2025-10-17 21:58:49'),
(622, 174, 'PR03', 'SP18', 'DIESEL ULSD', 20099378.119, 1668463.490, 38232229.68, 43, 43, 1664569.500, 34162448.93, 16349951.655, '2025-10-17 21:58:49'),
(623, 174, 'PR03', 'SP18', 'DIESEL AUTOMOTRIZ', 20099378.119, 0.000, 0.00, 0, 0, 0.000, 0.00, 0.000, '2025-10-17 21:58:49'),
(624, 174, 'PR13', 'SP32', 'COMBUSTOLEO PESADO', 0.000, 0.000, 0.00, 0, 0, 0.000, 0.00, 0.000, '2025-10-17 21:58:49'),
(625, 175, 'PR07', 'SP16', 'MAGNA', 1055894.400, 0.000, 0.00, 0, 0, 0.000, 0.00, 1055894.400, '2025-10-17 21:59:39'),
(626, 175, 'PR07', 'SP17', 'PREMIUM', 148932.000, 0.000, 0.00, 0, 0, 0.000, 0.00, 148932.000, '2025-10-17 21:59:39'),
(627, 175, 'PR03', 'SP18', 'DIESEL ULSD', 16349951.655, 2150092.560, 48417625.39, 37, 37, 2196555.560, 44525380.87, 18354786.215, '2025-10-17 21:59:39'),
(628, 175, 'PR03', 'SP18', 'DIESEL AUTOMOTRIZ', 16349951.655, 0.000, 0.00, 0, 0, 0.000, 0.00, 0.000, '2025-10-17 21:59:39'),
(629, 175, 'PR13', 'SP32', 'COMBUSTOLEO PESADO', 0.000, 0.000, 0.00, 0, 0, 0.000, 0.00, 0.000, '2025-10-17 21:59:39'),
(630, 176, 'PR07', 'SP16', 'MAGNA', 1055894.400, 30511.000, 634628.80, 1, 1, 31489.000, 582035.28, 1085916.400, '2025-10-17 22:00:17'),
(631, 176, 'PR07', 'SP17', 'PREMIUM', 148932.000, 0.000, 0.00, 0, 0, 0.000, 0.00, 148932.000, '2025-10-17 22:00:17'),
(632, 176, 'PR03', 'SP18', 'DIESEL ULSD', 18354786.215, 2690567.390, 59116055.23, 62, 63, 2407193.000, 47765430.31, 20822466.595, '2025-10-17 22:00:17'),
(633, 176, 'PR03', 'SP18', 'DIESEL AUTOMOTRIZ', 18354786.215, 0.000, 0.00, 0, 0, 0.000, 0.00, 0.000, '2025-10-17 22:00:17'),
(634, 176, 'PR13', 'SP32', 'COMBUSTOLEO PESADO', 0.000, 0.000, 0.00, 0, 0, 0.000, 0.00, 0.000, '2025-10-17 22:00:17'),
(635, 177, 'PR07', 'SP16', 'MAGNA', 1085916.400, 40008.000, 812162.39, 1, 1, 40008.000, 725702.59, 1126413.400, '2025-10-17 22:00:49'),
(636, 177, 'PR07', 'SP17', 'PREMIUM', 148932.000, 0.000, 0.00, 0, 0, 0.000, 0.00, 148932.000, '2025-10-17 22:00:49'),
(637, 177, 'PR03', 'SP18', 'DIESEL ULSD', 20822466.595, 1391048.760, 30567140.80, 42, 42, 1575394.000, 31795478.07, 22020192.355, '2025-10-17 22:00:49'),
(638, 177, 'PR03', 'SP18', 'DIESEL AUTOMOTRIZ', 20822466.595, 0.000, 0.00, 0, 0, 0.000, 0.00, 0.000, '2025-10-17 22:00:49'),
(639, 177, 'PR13', 'SP32', 'COMBUSTOLEO PESADO', 0.000, 0.000, 0.00, 0, 0, 0.000, 0.00, 0.000, '2025-10-17 22:00:49'),
(649, 181, 'PR07', 'SP17', 'PREMIUM', NULL, 115159.000, 2262119.25, 4, 4, 95116.836, 2291365.31, 40207.000, '2025-10-22 19:41:55'),
(650, 181, 'PR03', 'SP18', 'DIESEL', NULL, 143430.000, 2941207.00, 5, 5, 202223.229, 5005138.75, 11178.000, '2025-10-22 19:41:55'),
(651, 181, 'PR07', 'SP16', 'REGULAR', NULL, 381888.000, 7207730.37, 12, 12, 360446.950, 8178540.89, 66355.000, '2025-10-22 19:41:55'),
(652, 182, 'PR07', 'SP16', 'MAGNA', NULL, 75080.000, 1416619.47, 3, 3, 95522.054, 2291563.60, 11578.000, '2025-11-03 20:49:52'),
(653, 182, 'PR07', 'SP17', 'PREMIUM', NULL, 111306.000, 2201798.77, 5, 5, 89991.289, 2401867.94, 20010.000, '2025-11-03 20:49:52'),
(654, 182, 'PR03', 'SP18', 'DIESEL', NULL, 79707.000, 1631322.35, 4, 4, 67177.617, 1827231.17, 19160.000, '2025-11-03 20:49:52'),
(655, 183, 'PR07', 'SP16', 'MAGNA', NULL, 300408.000, 5735295.34, 10, 10, 229759.265, 5511924.79, 89492.000, '2025-11-03 20:50:19'),
(656, 183, 'PR07', 'SP17', 'PREMIUM', NULL, 211712.000, 4120339.20, 7, 7, 177056.732, 4672529.01, 24219.000, '2025-11-03 20:50:19'),
(657, 183, 'PR03', 'SP18', 'DIESEL', NULL, 184215.180, 3084404.39, 6, 5, 132169.010, 3594997.08, 34990.000, '2025-11-03 20:50:19'),
(661, 185, 'PR07', 'SP16', 'MAGNA', NULL, 75080.000, 1416619.47, 3, 3, 95522.054, 2291563.60, 11578.000, '2025-11-03 20:53:23'),
(662, 185, 'PR07', 'SP17', 'PREMIUM', NULL, 111306.000, 2201798.77, 5, 5, 89991.289, 2401867.94, 20010.000, '2025-11-03 20:53:23'),
(663, 185, 'PR03', 'SP18', 'DIESEL', NULL, 79707.000, 1631322.35, 4, 4, 67177.617, 1827231.17, 19160.000, '2025-11-03 20:53:23'),
(664, 186, 'PR07', 'SP16', 'MAGNA', 37545.000, 92192.000, 1726570.27, 3, 3, 93096.336, 2233381.31, 35999.000, '2025-11-03 22:27:45'),
(665, 186, 'PR07', 'SP17', 'PREMIUM', 11726.000, 97746.000, 2005003.48, 5, 5, 82083.037, 2166172.10, 29095.000, '2025-11-03 22:27:45'),
(666, 186, 'PR03', 'SP18', 'DIESEL', 13795.000, 118105.000, 2487366.26, 6, 6, 119717.433, 3256314.19, 17660.000, '2025-11-03 22:27:45'),
(687, 192, 'PR07', 'SP16', 'ADVANCED', 5305.000, 135587.000, 2587058.84, 7, 7, 121971.807, 2926103.93, 17782.000, '2025-11-04 19:32:17'),
(688, 192, 'PR07', 'SP17', 'EXCELLIUM', 8747.000, 33209.000, 695511.54, 3, 3, 29571.383, 744903.14, 12595.000, '2025-11-04 19:32:17'),
(689, 192, 'PR03', 'SP18', 'DIESEL', 5900.000, 137709.000, 3348004.47, 9, 10, 138976.611, 3667593.51, 11150.000, '2025-11-04 19:32:17'),
(690, 192, 'PR07', 'SP17', 'SUPREME 93', 8747.000, 33209.000, 695511.54, 3, 3, 29571.383, 744903.14, 12595.000, '2025-11-04 19:32:17'),
(691, 192, 'PR07', 'SP16', 'REGULAR', 5305.000, 135587.000, 2587058.84, 7, 7, 121971.807, 2926103.93, 17782.000, '2025-11-04 19:32:17'),
(736, 206, 'PR07', 'SP16', 'MAGNA', 14656.000, 179033.000, 3376619.66, 18, 18, 171075.117, 4005431.90, 23297.000, '2025-11-05 14:52:23'),
(737, 206, 'PR07', 'SP17', 'PREMIUM', 29678.000, 99548.000, 1979923.76, 10, 10, 112180.995, 2763117.05, 17441.000, '2025-11-05 14:52:23'),
(738, 206, 'PR03', 'SP18', 'DIESEL', 12702.000, 19884.000, 400749.67, 2, 2, 24792.398, 623194.41, 7858.000, '2025-11-05 14:52:23');
INSERT INTO `upload_products` (`id`, `upload_id`, `product_code`, `subproduct_code`, `brand`, `existencia_ini_l`, `vol_recepcion_l`, `imp_recepcion_mxn`, `recepciones_count`, `recepciones_docs`, `vol_entrega_l`, `imp_entrega_mxn`, `existencia_fin_l`, `created_at`) VALUES
(739, 207, 'PR07', 'SP16', 'MAGNA', 41998.000, 100035.000, 1879015.96, 8, 10, 120138.862, 2811249.05, 20280.000, '2025-11-05 14:58:34'),
(740, 207, 'PR07', 'SP17', 'PREMIUM', 41605.000, 90125.000, 1483495.74, 7, 7, 80159.819, 1975739.09, 34973.000, '2025-11-05 14:58:34'),
(741, 207, 'PR03', 'SP18', 'DIESEL', 26839.000, 89785.000, 1510830.80, 7, 7, 72974.768, 1853562.49, 28902.000, '2025-11-05 14:58:34'),
(742, 208, 'PR07', 'SP16', 'MAGNA', 57912.000, 195176.000, 3653904.11, 11, 12, 208669.592, 4859911.27, 43301.000, '2025-11-05 15:04:47'),
(743, 208, 'PR07', 'SP17', 'PREMIUM', 56640.000, 197819.000, 3919447.40, 9, 9, 236701.585, 5777620.71, 17228.000, '2025-11-05 15:04:47'),
(744, 208, 'PR03', 'SP18', 'DIESEL', 26001.000, 124286.000, 2505740.16, 5, 6, 114899.932, 2942987.28, 41561.000, '2025-11-05 15:04:47'),
(745, 209, 'PR07', 'SP16', 'MAGNA', 46129.000, 203373.000, 3846389.04, 14, 14, 218272.232, 5018074.59, 33736.000, '2025-11-05 15:12:40'),
(746, 209, 'PR07', 'SP17', 'PREMIUM', 35613.000, 89430.000, 1781275.51, 9, 9, 99272.302, 2437349.72, 26908.000, '2025-11-05 15:12:40'),
(747, 209, 'PR03', 'SP18', 'DIESEL', 17690.000, 39834.000, 621294.02, 4, 4, 37311.095, 953230.70, 20372.000, '2025-11-05 15:12:40'),
(748, 210, 'PR07', 'SP16', 'MAGNA', 68663.000, 153579.000, 2901776.39, 9, 9, 209990.382, 4891769.30, 15549.000, '2025-11-05 15:26:06'),
(749, 210, 'PR07', 'SP17', 'PREMIUM', 42734.000, 134222.000, 2665387.24, 7, 7, 155389.654, 3815805.12, 23588.000, '2025-11-05 15:26:06'),
(750, 210, 'PR03', 'SP18', 'DIESEL', 17149.000, 19905.000, 404643.44, 2, 2, 30157.588, 770634.67, 7407.000, '2025-11-05 15:26:06'),
(751, 211, 'PR07', 'SP16', 'MAGNA', NULL, 129648.000, 2438247.44, 7, 13, 152331.368, 3547796.92, 10336.000, '2025-11-05 15:44:37'),
(752, 211, 'PR07', 'SP17', 'PREMIUM', NULL, 99475.000, 1981071.99, 6, 10, 107328.789, 2620022.73, 21941.000, '2025-11-05 15:44:37'),
(753, 211, 'PR03', 'SP18', 'DIESEL', NULL, 10028.000, 202476.42, 1, 1, 12625.828, 323220.97, 10732.000, '2025-11-05 15:44:37'),
(754, 212, 'PR07', 'SP16', 'MAGNA', 15698.000, 157045.000, 2996378.12, 8, 8, 163929.030, 3926260.39, 8922.000, '2025-11-05 15:58:31'),
(755, 212, 'PR07', 'SP17', 'PREMIUM', 12553.000, 19470.000, 398619.12, 1, 1, 20271.899, 522025.65, 11725.000, '2025-11-05 15:58:31'),
(756, 212, 'PR03', 'SP18', 'DIESEL', 17097.000, 59085.000, 1227826.62, 3, 3, 72899.694, 1880831.15, 3745.000, '2025-11-05 15:58:31'),
(757, 213, 'PR07', 'SP16', 'MAGNA', 26905.000, 320268.000, 6059635.37, 16, 32, 288775.897, 6829549.96, 57708.000, '2025-11-05 16:41:54'),
(758, 213, 'PR07', 'SP17', 'PREMIUM', 51343.000, 120266.000, 2406154.41, 6, 12, 121524.781, 3062424.47, 49548.000, '2025-11-05 16:41:54'),
(759, 213, 'PR03', 'SP18', 'DIESEL', 28501.000, 40298.000, 816319.03, 2, 4, 46090.759, 1173176.06, 22388.000, '2025-11-05 16:41:54'),
(769, 217, 'PR07', 'SP16', 'SUPER', 16624.000, 217485.000, 3948571.36, 9, 9, 39642.314, 931197.96, 23974.000, '2025-11-06 01:33:54'),
(770, 217, 'PR07', 'SP17', 'V-POWER', 15163.000, 44327.000, 817742.24, 3, 3, 7997.320, 196654.11, 4360.000, '2025-11-06 01:33:54'),
(771, 217, 'PR03', 'SP18', 'DIESEL', 11158.000, 14974.000, 287893.23, 1, 1, 3325.342, 84762.97, 9769.000, '2025-11-06 01:33:54'),
(772, 218, 'PR07', 'SP16', 'MAGNA', NULL, 244324.000, 4538740.36, 7, 7, 215423.945, 5137860.66, 47654.000, '2025-11-06 04:16:29'),
(773, 218, 'PR07', 'SP17', 'PREMIUM', NULL, 84616.000, 1768689.44, 3, 3, 99920.710, 2682870.99, 21336.000, '2025-11-06 04:16:29'),
(774, 218, 'PR03', 'SP18', 'DIESEL', NULL, 39457.000, 800707.86, 2, 2, 57167.135, 1549229.30, 11053.000, '2025-11-06 04:16:29'),
(775, 219, 'PR07', 'SP16', 'MAGNA', NULL, 286055.000, 3870001.57, 10, 7, 298600.744, 7019137.69, 9992.000, '2025-11-06 11:19:54'),
(776, 219, 'PR07', 'SP17', 'PREMIUM', NULL, 51343.000, 1007512.82, 2, 2, 40965.666, 1036438.88, 24515.000, '2025-11-06 11:19:54'),
(777, 219, 'PR03', 'SP18', 'DIESEL', NULL, 146944.000, 1632190.90, 7, 4, 146055.616, 3685970.43, 21904.000, '2025-11-06 11:19:54'),
(778, 220, 'PR07', 'SP16', 'MAGNA', NULL, 99536.000, 1885144.11, 10, 10, 105413.063, 2496451.14, 20655.000, '2025-11-07 18:29:42'),
(779, 220, 'PR07', 'SP17', 'PREMIUM', NULL, 40222.000, 804048.97, 4, 4, 37120.947, 943959.86, 24935.000, '2025-11-07 18:29:42'),
(780, 221, 'PR03', 'SP18', 'DIESEL', NULL, 47876.000, 988345.08, 3, 3, 39737.580, 1056188.17, 16816.000, '2025-11-07 19:24:47'),
(781, 221, 'PR03', 'SP18', 'DIESEL', NULL, 47876.000, 988345.08, 3, 3, 39737.580, 1056188.17, 16816.000, '2025-11-07 19:24:47'),
(782, 221, 'PR07', 'SP16', 'ADVANCED', NULL, 432594.000, 8248755.07, 15, 15, 420419.086, 10085853.87, 67562.000, '2025-11-07 19:24:47'),
(783, 221, 'PR07', 'SP17', 'EXCELLIUM', NULL, 99636.000, 1957238.79, 6, 6, 111012.787, 2912036.83, 14812.000, '2025-11-07 19:24:47'),
(784, 221, 'PR07', 'SP17', 'SUPREME 93', NULL, 99636.000, 1957238.79, 6, 6, 111012.787, 2912036.83, 14812.000, '2025-11-07 19:24:47'),
(785, 221, 'PR07', 'SP16', 'REGULAR', NULL, 432594.000, 8248755.07, 15, 15, 420419.086, 10085853.87, 67562.000, '2025-11-07 19:24:47'),
(786, 222, 'PR07', 'SP16', 'MAGNA', NULL, 188494.000, 3651945.43, 9, 9, 167118.691, 3956439.61, 40439.000, '2025-11-07 23:26:34'),
(787, 222, 'PR07', 'SP17', 'PREMIUM', NULL, 31090.000, 589971.64, 4, 2, 39696.845, 992023.98, 9595.000, '2025-11-07 23:26:34'),
(788, 222, 'PR03', 'SP18', 'DIESEL', NULL, 37199.000, 833753.04, 3, 3, 52062.454, 1373928.62, 5700.000, '2025-11-07 23:26:34'),
(789, 223, 'PR07', 'SP16', 'MAGNA', 43572.000, 90873.000, 1689511.11, 9, 9, 101993.864, 2395836.99, 31292.000, '2025-11-08 06:30:03'),
(790, 223, 'PR07', 'SP17', 'PREMIUM', 19422.000, 49979.000, 1010536.53, 5, 5, 58258.396, 1392376.71, 11276.000, '2025-11-08 06:30:03'),
(791, 223, 'PR03', 'SP18', 'DIESEL', 10128.000, 19506.000, 408979.15, 2, 2, 9248.340, 233983.10, 20642.000, '2025-11-08 06:30:03'),
(792, 224, 'PR07', 'SP16', 'MAGNA', NULL, 98933.000, 1868103.40, 7, 10, 76152.797, 1826905.68, 42061.000, '2025-11-08 18:33:03'),
(793, 224, 'PR07', 'SP17', 'PREMIUM', NULL, 41099.000, 793066.76, 4, 4, 44874.049, 1134864.91, 9193.000, '2025-11-08 18:33:03'),
(794, 224, 'PR03', 'SP18', 'DIESEL', NULL, 19875.000, 407106.93, 1, 2, 6730.513, 177281.83, 27942.000, '2025-11-08 18:33:03'),
(795, 225, 'PR07', 'SP16', 'MAGNA', NULL, 250230.000, 4685453.93, 8, 8, 250133.129, 6000693.62, 31692.901, '2025-11-08 22:18:08'),
(796, 225, 'PR07', 'SP17', 'PREMIUM', NULL, 19822.000, 404476.37, 1, 1, 22423.931, 567101.22, 204.000, '2025-11-08 22:18:08'),
(797, 225, 'PR03', 'SP18', 'DIESEL', NULL, 38460.000, 817891.94, 2, 2, 50633.275, 1310895.49, 4330.000, '2025-11-08 22:18:08'),
(798, 226, 'PR07', 'SP16', 'MAGNA', NULL, 99758.000, 1873242.40, 5, 5, 93290.810, 2238046.65, 27771.000, '2025-11-11 23:33:52'),
(799, 226, 'PR07', 'SP17', 'PREMIUM', NULL, 100560.000, 1999024.27, 5, 5, 100512.076, 2672616.33, 21620.000, '2025-11-11 23:33:52'),
(800, 227, 'PR07', 'SP16', 'MAGNA', NULL, 60289.000, 1214458.54, 3, 3, 41819.938, 1003260.36, 13555.000, '2025-11-12 05:30:29'),
(801, 227, 'PR07', 'SP17', 'PREMIUM', NULL, 39730.000, 745831.40, 2, 2, 61843.014, 1650590.25, 22390.000, '2025-11-12 05:30:29'),
(802, 228, 'PR07', 'SP16', 'MAGNA', NULL, 60372.000, 1235317.63, 3, 3, 41876.229, 1004588.67, 15674.000, '2025-11-12 05:48:12'),
(803, 228, 'PR07', 'SP17', 'PREMIUM', NULL, 39808.000, 745549.87, 2, 2, 57810.611, 1542965.41, 24727.000, '2025-11-12 05:48:12'),
(804, 229, 'PR07', 'SP16', 'MAGNA', NULL, 61279.000, 1248517.26, 3, 3, 45527.915, 1092214.77, 13793.000, '2025-11-12 06:05:37'),
(805, 229, 'PR07', 'SP17', 'PREMIUM', NULL, 60377.000, 1124893.68, 3, 3, 66041.532, 1762648.62, 27050.000, '2025-11-12 06:05:37'),
(806, 230, 'PR07', 'SP16', 'MAGNA', NULL, 61632.000, 1246037.70, 3, 3, 49701.708, 1192344.01, 19134.000, '2025-11-12 06:11:16'),
(807, 230, 'PR07', 'SP17', 'PREMIUM', NULL, 40394.000, 757880.61, 2, 2, 69726.622, 1861003.59, 12562.000, '2025-11-12 06:11:16'),
(808, 231, 'PR07', 'SP16', 'MAGNA', NULL, 81301.000, 1119121.80, 8, 6, 60299.877, 1386294.22, 25492.000, '2025-11-12 06:31:34'),
(809, 231, 'PR07', 'SP17', 'PREMIUM', NULL, 30285.000, 396765.23, 3, 2, 29918.209, 729704.99, 10068.000, '2025-11-12 06:31:34'),
(810, 232, 'PR07', 'SP16', 'MAGNA', NULL, 50519.000, 933184.03, 4, 4, 45867.364, 1076910.15, 25995.000, '2025-11-12 06:34:47'),
(811, 232, 'PR07', 'SP17', 'PREMIUM', NULL, 40507.000, 602054.88, 4, 3, 21768.020, 543808.56, 20174.000, '2025-11-12 06:34:47'),
(812, 233, 'PR07', 'SP16', 'MAGNA', NULL, 61290.000, 1135603.64, 3, 3, 56500.877, 1327770.65, 22873.000, '2025-11-12 06:41:42'),
(813, 233, 'PR07', 'SP17', 'PREMIUM', NULL, 20322.000, 406677.07, 1, 1, 26802.949, 670073.72, 12335.000, '2025-11-12 06:41:42'),
(814, 234, 'PR07', 'SP17', 'PREMIUM', NULL, 86655.000, 1702805.26, 4, 4, 92470.806, 2227622.48, 33263.000, '2025-11-13 18:27:23'),
(815, 234, 'PR03', 'SP18', 'DIESEL', NULL, 222743.000, 4606108.19, 7, 7, 199010.902, 4953379.64, 33375.000, '2025-11-13 18:27:23'),
(816, 234, 'PR07', 'SP16', 'REGULAR', NULL, 291334.000, 5354139.97, 9, 9, 323599.405, 7342470.19, 23494.000, '2025-11-13 18:27:23'),
(817, 235, 'PR07', 'SP16', 'SUPER', NULL, 217485.000, 3948571.36, 9, 9, 39642.314, 931197.96, 23974.000, '2025-11-14 17:41:21'),
(818, 235, 'PR07', 'SP17', 'V-POWER', NULL, 44327.000, 817742.24, 3, 3, 7997.320, 196654.11, 4360.000, '2025-11-14 17:41:21'),
(819, 235, 'PR03', 'SP18', 'DIESEL', NULL, 14974.000, 287893.23, 1, 1, 3325.342, 84762.97, 9769.000, '2025-11-14 17:41:21'),
(820, 236, 'PR07', 'SP16', 'SUPER', 16624.000, 217485.000, 3948571.36, 9, 9, 207850.391, 4818178.54, 23974.000, '2025-11-14 19:10:22'),
(821, 236, 'PR07', 'SP17', 'V-POWER', 15163.000, 44327.000, 817742.24, 3, 3, 55344.332, 1360917.12, 4360.000, '2025-11-14 19:10:22'),
(822, 236, 'PR03', 'SP18', 'DIESEL', 11158.000, 14974.000, 287893.23, 1, 1, 16321.316, 416030.34, 9769.000, '2025-11-14 19:10:22'),
(823, 237, 'PR07', 'SP16', 'SUPER', NULL, 217485.000, 3948571.36, 9, 9, 207850.391, 4818178.54, 23974.000, '2025-11-14 19:22:45'),
(824, 237, 'PR07', 'SP17', 'V-POWER', NULL, 44327.000, 817742.24, 3, 3, 55344.332, 1360917.12, 4360.000, '2025-11-14 19:22:45'),
(825, 237, 'PR03', 'SP18', 'DIESEL', NULL, 14974.000, 287893.23, 1, 1, 16321.316, 416030.34, 9769.000, '2025-11-14 19:22:45'),
(826, 238, 'PR07', 'SP16', 'MAGNA', NULL, 19908.000, 369772.01, 1, 1, 30258.425, 722873.73, 15207.000, '2025-11-20 17:10:08'),
(827, 238, 'PR07', 'SP17', 'PREMIUM', NULL, 20033.000, 401119.13, 1, 1, 16377.337, 434818.23, 27523.000, '2025-11-20 17:10:08'),
(828, 238, 'PR03', 'SP18', 'DIESEL', NULL, 19979.000, 404574.64, 1, 1, 8195.482, 221278.17, 26990.000, '2025-11-20 17:10:08'),
(839, 241, 'PR03', 'SP18', 'DIESEL', NULL, 9293.000, 205473.01, 1, 1, 7791.940, 197058.89, 14126.000, '2025-11-20 20:08:13'),
(840, 241, 'PR07', 'SP16', 'ADVANCED', NULL, 43058.000, 844227.14, 3, 3, 52396.318, 1230788.96, 11601.000, '2025-11-20 20:08:13'),
(841, 241, 'PR07', 'SP17', 'EXCELLIUM', NULL, 18834.000, 399082.54, 2, 2, 25414.471, 622400.47, 9542.000, '2025-11-20 20:08:13'),
(842, 241, 'PR07', 'SP17', 'SUPREME 93', NULL, 18834.000, 399082.54, 2, 2, 25414.471, 622400.47, 9542.000, '2025-11-20 20:08:13'),
(843, 241, 'PR07', 'SP16', 'REGULAR', NULL, 43058.000, 844227.14, 3, 3, 52396.318, 1230788.96, 11601.000, '2025-11-20 20:08:13'),
(844, 242, 'PR03', 'SP18', 'DIESEL', NULL, 28769.000, 597319.85, 2, 2, 22422.035, 591717.50, 18785.000, '2025-11-20 20:09:30'),
(845, 242, 'PR07', 'SP17', 'SUPREME 93', NULL, 98042.000, 1955030.08, 6, 6, 104976.614, 2750273.56, 10303.000, '2025-11-20 20:09:30'),
(846, 242, 'PR07', 'SP16', 'REGULAR', NULL, 303297.000, 5777130.38, 12, 12, 304589.325, 7307097.91, 14383.000, '2025-11-20 20:09:30'),
(847, 243, 'PR03', 'SP18', 'DIESEL', NULL, 46923.000, 991523.87, 3, 3, 47527.292, 1263436.26, 10555.000, '2025-11-22 20:07:55'),
(848, 243, 'PR03', 'SP18', 'DIESEL', NULL, 46923.000, 991523.87, 3, 3, 47527.292, 1263436.26, 10555.000, '2025-11-22 20:07:55'),
(849, 243, 'PR07', 'SP16', 'ADVANCED', NULL, 244855.000, 4388235.86, 13, 13, 246862.639, 5922234.72, 39819.000, '2025-11-22 20:07:55'),
(850, 243, 'PR07', 'SP17', 'EXCELLIUM', NULL, 30116.000, 825044.49, 2, 2, 22767.078, 588035.34, 23116.000, '2025-11-22 20:07:55'),
(851, 243, 'PR07', 'SP17', 'SUPREME 93', NULL, 30116.000, 825044.49, 2, 2, 22767.078, 588035.34, 23116.000, '2025-11-22 20:07:55'),
(852, 243, 'PR07', 'SP16', 'REGULAR', NULL, 244855.000, 4388235.86, 13, 13, 246862.639, 5922234.72, 39819.000, '2025-11-22 20:07:55'),
(853, 244, 'PR03', 'SP18', 'DIESEL', NULL, 39697.000, 836955.92, 2, 2, 63795.914, 1645296.89, 20709.000, '2025-11-23 05:14:50'),
(854, 244, 'PR07', 'SP16', 'EXTRA', NULL, 594839.000, 11361491.46, 30, 30, 568760.355, 13559245.82, 130829.000, '2025-11-23 05:14:50'),
(855, 244, 'PR07', 'SP17', 'SUPREME', NULL, 138465.000, 2879127.30, 7, 7, 136438.523, 3450488.80, 22221.000, '2025-11-23 05:14:51'),
(856, 245, 'PR07', 'SP17', 'PREMIUM', NULL, 115159.000, 2262119.25, 4, 4, 95116.836, 2291365.31, 40207.000, '2025-11-25 23:10:15'),
(857, 245, 'PR03', 'SP18', 'DIESEL', NULL, 143430.000, 2941207.00, 5, 5, 202223.229, 5005138.75, 11178.000, '2025-11-25 23:10:15'),
(858, 245, 'PR07', 'SP16', 'REGULAR', NULL, 381888.000, 7207730.37, 12, 12, 360446.950, 8178540.89, 66355.000, '2025-11-25 23:10:15'),
(859, 246, 'PR03', 'SP18', 'DIESEL', NULL, 104522.240, 2153070.28, 7, 7, 100723.755, 2617809.35, 26724.000, '2025-11-27 17:56:09'),
(860, 246, 'PR07', 'SP16', 'EXTRA', NULL, 313725.970, 5963391.04, 20, 26, 301703.386, 7135287.18, 38624.000, '2025-11-27 17:56:09'),
(861, 246, 'PR07', 'SP17', 'SUPREME', NULL, 98536.000, 2010768.28, 7, 7, 103093.016, 2561862.26, 20327.000, '2025-11-27 17:56:09'),
(862, 247, 'PR07', 'SP16', 'MAGNA', 1126413.400, 0.000, 0.00, 0, 0, 0.000, 0.00, 1.000, '2025-12-01 22:14:17'),
(863, 247, 'PR07', 'SP17', 'PREMIUM', 148932.000, 0.000, 0.00, 0, 0, 0.000, 0.00, 1.000, '2025-12-01 22:14:17'),
(864, 247, 'PR03', 'SP18', 'DIESEL ULSD', 22020192.355, 1036563.000, 23781040.05, 57, 57, 0.000, 0.00, 1.000, '2025-12-01 22:14:17'),
(865, 247, 'PR03', 'SP18', 'DIESEL AUTOMOTRIZ', 22020192.355, 0.000, 0.00, 0, 0, 0.000, 0.00, 1.000, '2025-12-01 22:14:17'),
(866, 247, 'PR13', 'SP32', 'COMBUSTOLEO PESADO', 0.000, 0.000, 0.00, 0, 0, 0.000, 0.00, 1.000, '2025-12-01 22:14:17'),
(867, 248, 'PR07', 'SP16', 'MAGNA', 13555.000, 80290.000, 1214490.34, 4, 3, 43855.796, 1052100.59, 31428.000, '2025-12-02 22:34:21'),
(868, 248, 'PR07', 'SP17', 'PREMIUM', 22390.000, 39308.000, 740125.85, 2, 2, 61476.060, 1640796.21, 17604.000, '2025-12-02 22:34:21'),
(869, 249, 'PR07', 'SP16', 'MAGNA', 11578.000, 112000.000, 2101327.95, 4, 4, 89810.974, 2154500.80, 23925.000, '2025-12-02 22:39:14'),
(870, 249, 'PR07', 'SP17', 'PREMIUM', 20010.000, 100428.000, 1986740.59, 5, 5, 87581.159, 2337541.60, 21381.000, '2025-12-02 22:39:14'),
(871, 249, 'PR03', 'SP18', 'DIESEL', 19160.000, 69948.000, 1480474.12, 3, 3, 64376.129, 1751030.70, 19329.000, '2025-12-02 22:39:14'),
(872, 250, 'PR07', 'SP16', 'MAGNA', NULL, 100075.000, 1858650.51, 5, 5, 91992.616, 2206902.97, 34341.000, '2025-12-02 22:47:38'),
(873, 250, 'PR07', 'SP17', 'PREMIUM', NULL, 98793.000, 1968286.35, 5, 5, 101043.538, 2686747.92, 18948.000, '2025-12-02 22:47:38'),
(880, 253, 'PR07', 'SP16', 'MAGNA', NULL, 121953.000, 2272420.36, 5, 5, 103110.534, 2473621.93, 21547.000, '2025-12-02 22:57:45'),
(881, 253, 'PR07', 'SP17', 'PREMIUM', NULL, 80252.000, 1590282.94, 4, 4, 68211.465, 1820564.81, 13032.000, '2025-12-02 22:57:45'),
(882, 253, 'PR03', 'SP18', 'DIESEL', NULL, 40283.000, 831670.21, 2, 2, 45226.930, 1230172.50, 16965.000, '2025-12-02 22:57:45'),
(885, 255, 'PR07', 'SP16', 'MAGNA', NULL, 99886.000, 1873863.74, 5, 5, 96094.101, 2305297.62, 8906.000, '2025-12-02 23:01:51'),
(886, 255, 'PR07', 'SP17', 'PREMIUM', NULL, 80008.000, 1589422.31, 4, 4, 80580.595, 2150696.31, 27309.000, '2025-12-02 23:01:51'),
(887, 256, 'PR07', 'SP16', 'MAGNA', NULL, 101670.000, 1918467.90, 4, 4, 100795.501, 2418084.21, 26279.000, '2025-12-02 23:08:38'),
(888, 256, 'PR07', 'SP17', 'PREMIUM', NULL, 59928.000, 1186714.71, 3, 3, 55085.277, 1465268.27, 25481.000, '2025-12-02 23:08:38'),
(889, 256, 'PR03', 'SP18', 'DIESEL', NULL, 20136.000, 417770.73, 1, 1, 26340.583, 715146.83, 21302.000, '2025-12-02 23:08:38'),
(890, 257, 'PR07', 'SP16', 'MAGNA', NULL, 80336.000, 1508633.14, 4, 4, 73039.883, 1752226.85, 29179.000, '2025-12-02 23:12:52'),
(891, 257, 'PR07', 'SP17', 'PREMIUM', NULL, 59310.000, 1193847.63, 3, 3, 46515.959, 1241511.15, 20507.000, '2025-12-02 23:12:52'),
(892, 257, 'PR03', 'SP18', 'DIESEL', NULL, 19939.000, 423444.79, 1, 1, 29571.169, 804335.81, 11665.000, '2025-12-02 23:12:52'),
(893, 258, 'PR03', 'SP18', 'DIESEL', NULL, 119710.320, 2562528.68, 8, 8, 119658.233, 3109916.28, 26698.000, '2025-12-02 23:34:54'),
(894, 258, 'PR07', 'SP16', 'EXTRA', NULL, 333665.000, 6350541.69, 17, 29, 306425.345, 7246961.51, 62585.000, '2025-12-02 23:34:54'),
(895, 258, 'PR07', 'SP17', 'SUPREME', NULL, 93868.910, 1908523.74, 6, 7, 106766.199, 2653140.84, 6456.000, '2025-12-02 23:34:54'),
(896, 259, 'PR07', 'SP16', 'MAGNA', NULL, 94314.000, 1820636.26, 4, 4, 111844.843, 2683148.60, 48762.000, '2025-12-04 14:29:08'),
(897, 259, 'PR07', 'SP17', 'PREMIUM', NULL, 143467.000, 2900878.05, 6, 6, 152381.081, 4053328.44, 11790.000, '2025-12-04 14:29:08'),
(898, 259, 'PR03', 'SP18', 'DIESEL', NULL, 71636.000, 1524345.42, 3, 3, 58829.639, 1628986.85, 23868.000, '2025-12-04 14:29:08'),
(899, 260, 'PR07', 'SP16', 'MAGNA', NULL, 119709.000, 2244065.01, 6, 6, 95916.323, 2301032.69, 33974.000, '2025-12-04 14:35:25'),
(900, 260, 'PR07', 'SP17', 'PREMIUM', NULL, 98728.000, 1990600.56, 5, 5, 97285.776, 2596557.29, 19881.000, '2025-12-04 14:35:25'),
(901, 261, 'PR07', 'SP16', 'MAGNA', NULL, 40988.000, 752847.97, 2, 2, 46628.329, 1118613.67, 14140.000, '2025-12-04 14:37:43'),
(902, 261, 'PR07', 'SP17', 'PREMIUM', NULL, 72732.000, 1420297.31, 3, 3, 51621.811, 1362299.65, 29736.000, '2025-12-04 14:37:43'),
(903, 262, 'PR07', 'SP16', 'MAGNA', NULL, 100267.000, 1882939.00, 5, 5, 96495.413, 2314925.04, 26314.000, '2025-12-04 14:46:52'),
(904, 262, 'PR07', 'SP17', 'PREMIUM', NULL, 162044.000, 3191498.52, 8, 8, 157727.384, 4209689.87, 24967.000, '2025-12-04 14:46:52'),
(905, 262, 'PR03', 'SP18', 'DIESEL', NULL, 81304.000, 1661132.34, 4, 4, 60813.082, 1660197.10, 29361.000, '2025-12-04 14:46:52'),
(906, 263, 'PR07', 'SP16', 'MAGNA', 15207.000, 40430.000, 751856.00, 2, 2, 36306.087, 867352.33, 17684.000, '2025-12-04 17:12:09'),
(907, 263, 'PR07', 'SP17', 'PREMIUM', 27523.000, 19831.000, 405876.42, 1, 1, 22464.348, 596428.28, 23853.000, '2025-12-04 17:12:09'),
(908, 263, 'PR03', 'SP18', 'DIESEL', 26990.000, 0.000, 0.00, 0, 0, 11485.318, 310103.79, 14664.000, '2025-12-04 17:12:09'),
(909, 264, 'PR07', 'SP16', 'MAGNA', NULL, 164116.000, 3056711.53, 7, 7, 197382.760, 4735212.67, 6754.000, '2025-12-04 17:19:38'),
(910, 264, 'PR07', 'SP17', 'PREMIUM', NULL, 111805.000, 2194818.58, 5, 5, 114243.805, 3049168.51, 28471.000, '2025-12-04 17:19:38'),
(911, 264, 'PR03', 'SP18', 'DIESEL', NULL, 39776.000, 838990.00, 2, 2, 33295.611, 907305.41, 27849.000, '2025-12-04 17:19:38'),
(912, 265, 'PR07', 'SP16', 'SUPER', 23974.000, 219499.000, 4028692.94, 10, 10, 220598.265, 5107844.16, 20624.000, '2025-12-04 17:28:38'),
(913, 265, 'PR07', 'SP17', 'V-POWER', 4360.000, 73729.000, 1431178.89, 5, 5, 61183.519, 1511494.74, 17407.000, '2025-12-04 17:28:38'),
(914, 265, 'PR03', 'SP18', 'DIESEL', 9769.000, 29523.000, 615408.38, 2, 2, 22857.742, 587340.44, 16446.000, '2025-12-04 17:28:38'),
(915, 266, 'PR07', 'SP16', 'MAGNA', 35999.000, 104389.000, 1973389.93, 4, 4, 109654.467, 2630604.25, 30202.000, '2025-12-05 00:57:14'),
(916, 266, 'PR07', 'SP17', 'PREMIUM', 29095.000, 77520.000, 1582448.17, 4, 4, 84805.898, 2238028.39, 23003.000, '2025-12-05 00:57:14'),
(917, 266, 'PR03', 'SP18', 'DIESEL', 17660.000, 161797.000, 3556493.06, 8, 8, 157730.643, 4290273.50, 29219.000, '2025-12-05 00:57:14');

-- --------------------------------------------------------

--
-- Estructura de tabla para la tabla `upload_products_daily`
--

CREATE TABLE `upload_products_daily` (
  `id` int NOT NULL,
  `upload_id` int NOT NULL,
  `fecha` date NOT NULL,
  `product_code` varchar(32) DEFAULT NULL,
  `subproduct_code` varchar(32) DEFAULT NULL,
  `brand` varchar(120) DEFAULT NULL,
  `existencia_ini_l` decimal(14,3) DEFAULT NULL,
  `vol_recepcion_l` decimal(14,3) NOT NULL DEFAULT '0.000',
  `imp_recepcion_mxn` decimal(14,2) NOT NULL DEFAULT '0.00',
  `recepciones_count` int NOT NULL DEFAULT '0',
  `vol_entrega_l` decimal(14,3) NOT NULL DEFAULT '0.000',
  `imp_entrega_mxn` decimal(14,2) NOT NULL DEFAULT '0.00',
  `existencia_fin_l` decimal(14,3) DEFAULT NULL
) ENGINE=InnoDB DEFAULT CHARSET=utf8mb4 COLLATE=utf8mb4_0900_ai_ci;

--
-- Volcado de datos para la tabla `upload_products_daily`
--

INSERT INTO `upload_products_daily` (`id`, `upload_id`, `fecha`, `product_code`, `subproduct_code`, `brand`, `existencia_ini_l`, `vol_recepcion_l`, `imp_recepcion_mxn`, `recepciones_count`, `vol_entrega_l`, `imp_entrega_mxn`, `existencia_fin_l`) VALUES
(4, 25, '2025-08-24', 'PR07', 'SP16', 'MAGNA', 42341.000, 0.000, 0.00, 0, 7466.632, 176585.84, 34874.368),
(5, 25, '2025-08-24', 'PR07', 'SP17', 'PREMIUM', 44608.000, 0.000, 0.00, 0, 3198.068, 80847.17, 41409.932),
(6, 25, '2025-08-24', 'PR03', 'SP18', 'DIESEL', 49228.000, 0.000, 0.00, 0, 517.867, 13236.67, 48710.133);

-- --------------------------------------------------------

--
-- Estructura de tabla para la tabla `users`
--

CREATE TABLE `users` (
  `id` int NOT NULL,
  `org_id` int DEFAULT NULL,
  `name` varchar(190) COLLATE utf8mb4_unicode_ci NOT NULL,
  `email` varchar(190) COLLATE utf8mb4_unicode_ci NOT NULL,
  `phone` varchar(30) COLLATE utf8mb4_unicode_ci DEFAULT NULL,
  `password_hash` varchar(255) COLLATE utf8mb4_unicode_ci NOT NULL,
  `role` enum('admin','client') COLLATE utf8mb4_unicode_ci NOT NULL DEFAULT 'client',
  `created_at` timestamp NULL DEFAULT CURRENT_TIMESTAMP
) ENGINE=InnoDB DEFAULT CHARSET=utf8mb4 COLLATE=utf8mb4_unicode_ci;

--
-- Volcado de datos para la tabla `users`
--

INSERT INTO `users` (`id`, `org_id`, `name`, `email`, `phone`, `password_hash`, `role`, `created_at`) VALUES
(1, 1, 'Roberto (Admin)', 'roberto.rivera@sopmex.com.mx', '55-0000-0000', '$2y$10$6TbtfYCHj8Khf4bj0V8QLO11AJIjWBT9N3FIWs0bPfdBSvsg3IvQ.', 'admin', '2025-10-02 14:29:08'),
(2, 2, 'adrian', 'riverard55@gmail.com', '5513053409', '$2y$10$aAzHcRaNP3/WGNF5Y6wrIOHFM/b2/ShfUvr7UUU5J.IS5NSCwlErO', 'client', '2025-10-02 16:53:14'),
(3, 2, 'Uziel Rivera', 'uziel.rivera@sopmex.com.mx', '5619564419', '$2y$10$uYDk.LuTgXIDVEb39eCdAu4zA8YW6DlkmUQKQPPnvyyPLJKFxooxq', 'admin', '2025-10-02 17:08:16'),
(4, NULL, 'martha', 'admin@sopmex.net', '5540886595', '$2y$10$Wdt6TLNp7DWdgONX/Rv1v.HIAKQxU1tGNN5K/h5j8AVjB12nna0CO', 'client', '2025-10-02 17:40:41'),
(7, NULL, 'cristal', 'cristal.gopnzalez31@gmail.com', '5615455544', '$2y$10$4MWBfiiMHV4bz8yq4LqYTubVAR433hT6HizhMgG2LhwhZHeuOFVtS', 'client', '2025-10-03 14:34:13'),
(8, NULL, 'erick', 'correo@hotmail.com', '55131213', '$2y$10$t1SpJo5WdQcTNL5D42oGRu0pFWLe9URqnNKqxaJAhoqW1QkCPj/fm', 'client', '2025-10-03 14:53:31'),
(9, NULL, 'Dereck Emiliano Gonzalez Muñoz', 'dereck.gonzalez@sopmex.com.mx', '5513298260', '$2y$10$ugRBi6Chr8eApsewPSqMkOehh/0zzjLMXNQyFRreffXRgKb9o2wOS', 'client', '2025-10-03 16:34:08'),
(10, NULL, 'Raziel Rivera', 'raziel.rivera23@gmail.com', '5611918463', '$2y$10$Fz7ZhHL2mXiXqS2o1yvIYuXqgnlgmShCt0vcbp//sIZDMkqjuxKN6', 'client', '2025-10-04 21:06:08'),
(11, NULL, 'DANIEL CRUZ', 'daniel.cruz@sopmex.com.mx', '5518293918', '$2y$10$pf2E6BdoWko2zQM.R0YzGOh7VbIk5Q9CtHs/e.ce62WXWu6cDaEnK', 'client', '2025-10-04 21:47:40'),
(12, NULL, 'Evelia Noemi Salazar', 'combus.tuzos@gmail.com', '7712274608', '$2y$10$est6DZc.c0mu2.ekUFgw4enYuxKDzlDZHBJb16kB.vxb1JcIugZrG', 'client', '2025-10-06 20:33:47'),
(13, NULL, 'Rafael Solis', 'mxrafael.solis@gmail.com', '9999583010', '$2y$10$qnArflqutA.ciF.mL/6Wx.Xh63UVsgIqP.pB3avWVdMgGMEFdiCK2', 'client', '2025-10-09 03:28:57'),
(14, NULL, 'ORLANDO RIVERA DIAZ', 'orlando.rivera@sopmex.com.mx', '5533145033', '$2y$10$kjyyiC/6JvJdxNjK32a3P.FnOD7G.mztC3gmpxaddYy6kuRdKy71e', 'client', '2025-10-09 22:39:29'),
(15, NULL, 'Denisse Martinez', 'denissemh@energomex.com', '5512797794', '$2y$10$XYFdJ.iO66o6kgJLTYKXuujZyoehpJUpVKE06qSdLOjtiCaTiLeNS', 'client', '2025-10-09 23:24:57'),
(16, NULL, 'super admin', 'marco.blanco@codyexpert.com', '9992758197', '$2y$10$kRLaROVdK7UDCkmUehhqfeN/yhFeF8zWDUnijXmEMps252pWUfsZK', 'client', '2025-10-23 14:53:10'),
(17, NULL, 'RODRIGO PERDOMO GARCIA', 'rperdomo@enerfenix.com', '5540149916', '$2y$10$7WooWEqopL/t5.ZW.OF46uzOsVJbnb8x.Jpdxfte9NjQP6Tj5Gvsy', 'client', '2025-11-07 23:25:20');

--
-- Índices para tablas volcadas
--

--
-- Indices de la tabla `organizations`
--
ALTER TABLE `organizations`
  ADD PRIMARY KEY (`id`);

--
-- Indices de la tabla `orgs`
--
ALTER TABLE `orgs`
  ADD PRIMARY KEY (`id`);

--
-- Indices de la tabla `stations`
--
ALTER TABLE `stations`
  ADD PRIMARY KEY (`id`),
  ADD UNIQUE KEY `uk_station` (`org_id`,`rfc`,`permiso`,`clave_instalacion`),
  ADD KEY `ix_stations_user` (`user_id`),
  ADD KEY `ix_stations_user_perm` (`user_id`,`permiso`);

--
-- Indices de la tabla `uploads`
--
ALTER TABLE `uploads`
  ADD PRIMARY KEY (`id`),
  ADD KEY `idx_u1` (`org_id`,`station_id`,`period_year`,`period_month`),
  ADD KEY `fk_uploads_station` (`station_id`),
  ADD KEY `ix_uploads_user` (`user_id`),
  ADD KEY `idx_uploads_user_period` (`user_id`,`period_year`,`period_month`),
  ADD KEY `ix_uploads_user_period` (`user_id`,`period_year`,`period_month`,`period_day`,`report_type`);

--
-- Indices de la tabla `upload_products`
--
ALTER TABLE `upload_products`
  ADD PRIMARY KEY (`id`),
  ADD KEY `idx_up1` (`upload_id`,`product_code`,`subproduct_code`),
  ADD KEY `ix_uprod_upload` (`upload_id`);

--
-- Indices de la tabla `upload_products_daily`
--
ALTER TABLE `upload_products_daily`
  ADD PRIMARY KEY (`id`),
  ADD KEY `upload_id` (`upload_id`),
  ADD KEY `fecha` (`fecha`),
  ADD KEY `product_code` (`product_code`,`subproduct_code`),
  ADD KEY `ix_uprod_daily_upload` (`upload_id`,`fecha`);

--
-- Indices de la tabla `users`
--
ALTER TABLE `users`
  ADD PRIMARY KEY (`id`),
  ADD UNIQUE KEY `email` (`email`),
  ADD UNIQUE KEY `ux_users_email` (`email`),
  ADD KEY `org_id` (`org_id`);

--
-- AUTO_INCREMENT de las tablas volcadas
--

--
-- AUTO_INCREMENT de la tabla `organizations`
--
ALTER TABLE `organizations`
  MODIFY `id` int NOT NULL AUTO_INCREMENT, AUTO_INCREMENT=10;

--
-- AUTO_INCREMENT de la tabla `orgs`
--
ALTER TABLE `orgs`
  MODIFY `id` int NOT NULL AUTO_INCREMENT, AUTO_INCREMENT=3;

--
-- AUTO_INCREMENT de la tabla `stations`
--
ALTER TABLE `stations`
  MODIFY `id` int NOT NULL AUTO_INCREMENT, AUTO_INCREMENT=99;

--
-- AUTO_INCREMENT de la tabla `uploads`
--
ALTER TABLE `uploads`
  MODIFY `id` bigint NOT NULL AUTO_INCREMENT, AUTO_INCREMENT=267;

--
-- AUTO_INCREMENT de la tabla `upload_products`
--
ALTER TABLE `upload_products`
  MODIFY `id` bigint NOT NULL AUTO_INCREMENT, AUTO_INCREMENT=918;

--
-- AUTO_INCREMENT de la tabla `upload_products_daily`
--
ALTER TABLE `upload_products_daily`
  MODIFY `id` int NOT NULL AUTO_INCREMENT, AUTO_INCREMENT=7;

--
-- AUTO_INCREMENT de la tabla `users`
--
ALTER TABLE `users`
  MODIFY `id` int NOT NULL AUTO_INCREMENT, AUTO_INCREMENT=18;

--
-- Restricciones para tablas volcadas
--

--
-- Filtros para la tabla `stations`
--
ALTER TABLE `stations`
  ADD CONSTRAINT `fk_stations_user` FOREIGN KEY (`user_id`) REFERENCES `users` (`id`) ON DELETE CASCADE;

--
-- Filtros para la tabla `uploads`
--
ALTER TABLE `uploads`
  ADD CONSTRAINT `fk_uploads_station` FOREIGN KEY (`station_id`) REFERENCES `stations` (`id`) ON DELETE CASCADE,
  ADD CONSTRAINT `fk_uploads_user` FOREIGN KEY (`user_id`) REFERENCES `users` (`id`) ON DELETE CASCADE;

--
-- Filtros para la tabla `upload_products`
--
ALTER TABLE `upload_products`
  ADD CONSTRAINT `fk_up_upload` FOREIGN KEY (`upload_id`) REFERENCES `uploads` (`id`) ON DELETE CASCADE;

--
-- Filtros para la tabla `users`
--
ALTER TABLE `users`
  ADD CONSTRAINT `users_ibfk_1` FOREIGN KEY (`org_id`) REFERENCES `orgs` (`id`);
COMMIT;

/*!40101 SET CHARACTER_SET_CLIENT=@OLD_CHARACTER_SET_CLIENT */;
/*!40101 SET CHARACTER_SET_RESULTS=@OLD_CHARACTER_SET_RESULTS */;
/*!40101 SET COLLATION_CONNECTION=@OLD_COLLATION_CONNECTION */;
